customer_id,nik,full_name,phone,email,birth_date
C00000,3211128106645460,Ratna Saptono,081692838642,farah11@example.org,2000-01-16
C00001,3217046418903111,H. Rafid Kuswoyo,081703214070,dlestari@example.net,1977-08-19
C00002,3257040351894191,Dr. Dewi Pratiwi,085273063633,phalimah@example.org,1993-02-22
C00003,3270823013563165,Siska Megantara,082539703612,hnatsir@example.com,1988-06-21
C00004,3280444415156288,Hamima Mayasari,083954342008,zkurniawan@example.net,1968-07-19
C00005,3215880520763682,Warta Megantara,088027276067,rajasadaru@example.org,1966-10-20
C00006,3244963705409267,Lasmono Siregar,088724838113,wardi51@example.org,1999-10-21
C00007,3225611115333541,Syahrini Wasita,082675021566,mahmudkuswoyo@example.com,2001-06-01
C00008,3260859313618104,Nova Wastuti,086155522776,kurniawantaufan@example.com,1989-07-06
C00009,3240471624752690,"drg. Agnes Tamba, S.Kom",085809506443,nurdiyantidartono@example.org,1965-10-30
C00010,,Drs. Artawan Waluyo,086608859468,iswahyudilili@example.net,1981-05-19
C00011,3244225819143739,Gawati Rahmawati,088418247708,winarnowani@example.org,1982-09-25
C00012,3267609781328342,"R.M. Liman Thamrin, S.Ked",087246081432,kalim53@example.net,1972-10-06
C00013,3281160191490463,"Simon Thamrin, M.Pd",086281382563,fwinarno@example.net,1971-05-06
C00014,3213440274314997,Cornelia Prasasta,088748506487,sabri50@example.org,1971-07-12
C00015,3226553883940719,Mariadi Permata,084910418340,winarsihjatmiko@example.com,2005-10-16
C00016,3258572226268519,Daliman Prayoga,084046869282,agusrahayu@example.com,1975-08-30
C00017,3279669353483086,"Sadina Yuniar, S.I.Kom",085125588567,bakidintarihoran@example.net,2005-08-03
C00018,3210996929099888,Kania Simanjuntak,083812317526,murtisiregar@example.net,1975-08-13
C00019,3253829707444323,Juli Kusmawati,085352234969,winarsihmujur@example.org,1989-04-09
C00020,3202634377160873,Bakiman Irawan,ABC,warjiwidiastuti@example.org,1994-07-14
C00021,3282764155891497,"Dr. Shakila Gunawan, M.Ak",086848522023,cawukmanullang@example.net,2001-08-29
C00022,3213073407555928,Salsabila Adriansyah,088920348855,indrasitorus@example.com,1984-10-18
C00023,3262147500228827,Novi Maryadi,085072996101,tami62@example.org,1993-03-26
C00024,3242837746460197,Narji Susanti,084836196647,saadathutagalung@example.org,1999-01-07
C00025,3295599911906239,"R.M. Caraka Puspasari, S.Pt",086027661298,emongsaragih@example.net,1981-08-24
C00026,3214518578550508,Hendra Siregar,084620721516,puspitabalapati@example.com,1997-07-03
C00027,3245552745876705,"Maria Hutagalung, S.Sos",084313862255,taniamahendra@example.net,2007-09-14
C00028,3219188528448142,"R. Betania Dabukke, S.E.I",081185057372,mustofadarijan@example.net,1997-01-15
C00029,3247756104522533,Galar Padmasari,085926218098,khalim@example.org,1970-09-27
C00030,3234738357895281,Lalita Palastri,086369504187,siraitdadap@example.net,2035-01-01
C00031,3266045451481410,"Mulyanto Hastuti, S.Pt",082336426069,sakti70@example.net,1978-04-23
C00032,3239025946833607,"R.M. Legawa Budiyanto, S.Pd",087706185420,prima60@example.com,1983-12-04
C00033,3255311813497427,Dirja Sihombing,087383882053,martana29@example.com,2008-03-17
C00034,3206521944392885,Unjani Mardhiyah,083823748028,zsuartini@example.net,1974-07-23
C00035,3263371053607222,Putri Budiman,087689182501,amangunsong@example.org,2000-12-22
C00036,3271246468757224,"Ibun Hastuti, S.IP",085590131728,kajen26@example.net,2008-05-14
C00037,3290949154574910,Ir. Nabila Dongoran,082009223738,leo83@example.org,1999-09-03
C00038,3263787102608680,"Rachel Puspasari, S.E.I",089307607267,leo21@example.org,1979-03-06
C00039,3293186884631608,Qori Maulana,086263655414,budimankarna@example.org,1968-10-17
C00040,3211128106645460,"Drs. Gina Putra, S.Psi",081896024609,iswahyudifitriani@example.net,1986-10-28
C00041,3235604733395999,Tgk. Viman Prasetya,083652635383,himawan33@example.org,2007-07-31
C00042,3249162611507499,Zulfa Halim,089456143461,latuponodwi@example.com,2000-04-09
C00043,3268285031487868,Cornelia Kuswoyo,086657248408,luwes56@example.org,1971-05-10
C00044,3297389912702267,Sutan Wadi Hassanah,084250758663,ajiman10@example.org,1982-10-29
C00045,3235995916684580,Sabrina Nugroho,082704879270,daliman38@example.net,1998-07-06
C00046,3255133020346836,Titin Pradipta,083078617676,karman58@example.net,1999-01-11
C00047,3295051295257508,Laila Latupono,082668918459,nadine77@example.org,1969-03-10
C00048,3262484139370391,Ina Sihombing,089921658483,tasdiksimbolon@example.com,1996-02-17
C00049,3222465171243513,Kamidin Hakim,081340351553,bagusbudiman@example.org,1974-04-12
C00050,3213376443277924,Ami Tarihoran,089625793698,purwantiwarta@example.net,1974-05-09
C00051,3227681907804904,"Drs. Febi Andriani, S.E.",089493737203,arissirait@example.org,2008-01-26
C00052,3261622643107496,Gilda Lestari,082909043855,asmanoktaviani@example.net,1982-03-09
C00053,3220685669626734,"Hj. Queen Rahmawati, S.T.",086826306799,prayoga98@example.net,1995-03-05
C00054,3252869194814771,Limar Prakasa,084364859128,bahuraksa28@example.net,2004-03-12
C00055,3240267457199494,Anastasia Hasanah,089517545108,mansurcici@example.com,1972-01-11
C00056,3207832038166784,"Maya Hastuti, M.Farm",086249777729,uoktaviani@example.org,1996-09-18
C00057,3221086175255957,Kamaria Lazuardi,088049484857,kacungsihombing@example.org,1993-09-24
C00058,3272370902684662,Sadina Tamba,083973688282,ibun61@example.com,1969-04-03
C00059,3293690014516913,Manah Mandasari,089379561311,cahyanto50@example.com,1968-06-12
C00060,3237974082029114,Hj. Intan Ramadan,082794423332,nardiramadan@example.org,1970-03-28
C00061,3250152484865506,"Carla Sirait, S.H.",082809855831,trihasanah@example.net,2005-01-31
C00062,3240520314361794,Cut Uchita Novitasari,082176525196,khidayanto@example.org,1991-03-17
C00063,3240830241168919,"drg. Bancar Manullang, S.I.Kom",088824733052,paramitapranowo@example.org,2007-06-27
C00064,3272469395472750,Dr. Rahmat Palastri,086491797365,prakasaami@example.com,2003-06-18
C00065,3233471961133267,"Indra Haryanti, S.I.Kom",082855385706,edi59@example.org,1978-06-19
C00066,3279566466803616,"Kanda Hasanah, S.Pt",082217079173,ilsa79@example.com,1974-01-12
C00067,3298243846620181,T. Warji Firgantoro,084142763767,wardayaprasetya@example.net,1997-05-01
C00068,3215301027269876,Oskar Laksita,088119418312,osinaga@example.org,1990-06-29
C00069,3271174535074883,Dr. Ellis Wastuti,084457127401,prabudongoran@example.org,1997-11-08
C00070,3270569980767763,Ir. Asirwanda Melani,086211506374,ellasitompul@example.com,1975-06-06
C00071,3216522795241823,Pranata Astuti,088458484502,osaputra@example.com,1992-03-25
C00072,3228695561660445,Dr. Faizah Anggriawan,083638509999,saefullahwulan@example.net,2000-04-10
C00073,3290149645803983,Hilda Yulianti,084171708122,gzulkarnain@example.org,2005-03-24
C00074,3247007508995758,"Ratih Simbolon, M.Farm",089630248368,bella72@example.org,1995-10-18
C00075,3297027339994820,Kamila Uwais,087716161589,jelitadongoran@example.com,1996-01-09
C00076,3226375967306968,dr. Kasim Haryanto,083392916807,orahmawati@example.com,1997-08-25
C00077,3235937695105557,Drs. Panca Gunawan,084327821096,nasyiahtirtayasa@example.net,1969-11-18
C00078,3278090965328412,"R. Jinawi Hardiansyah, S.H.",089827109089,kacungsitompul@example.org,1967-07-28
C00079,3285707312301385,Kamila Namaga,089447353754,lprabowo@example.net,1985-06-01
C00080,3203386739011527,"Karja Januar, S.Pd",087703986948,ngunawan@example.net,2004-04-02
C00081,3210433177369657,"Ir. Putri Wibowo, S.E.I",087336950811,jamilwulandari@example.net,1967-10-14
C00082,3244716051535866,Aslijan Maheswara,086048725845,nurainipadma@example.org,1968-10-08
C00083,3274003446621064,"Melinda Handayani, S.Farm",085110668417,purwantosihotang@example.net,1973-02-20
C00084,3258595242862537,"T. Irsad Pudjiastuti, M.Farm",089887896270,wsimbolon@example.net,1974-11-22
C00085,3233949887581073,"Cut Puti Mayasari, M.Farm",082627665495,yani46@example.org,1983-06-22
C00086,3282198150112532,Kayla Simanjuntak,083336903666,voktaviani@example.com,1967-12-25
C00087,3277628513419766,Diana Lailasari,089487343145,suartinipurwanto@example.net,1983-10-19
C00088,3253591637530144,Natalia Maryati,081391416966,npurwanti@example.org,1974-06-15
C00089,3287392041351348,"Dt. Rudi Gunarto, S.T.",083645221971,kairavjanuar@example.com,1974-08-01
C00090,3210909392566046,"Ibun Saptono, S.Gz",084728722586,gabriella08@example.org,1994-04-07
C00091,3221643702645692,R.M. Eka Pradana,088897740967,cpurwanti@example.net,1989-10-29
C00092,3251696822224510,Sarah Fujiati,086782533505,pranawawasita@example.net,1990-01-02
C00093,3240835804832599,Wawan Lestari,088802498619,queen35@example.org,2005-08-09
C00094,3298907553486228,Raisa Uyainah,088406974374,shardiansyah@example.net,1982-12-16
C00095,3207860964319639,Embuh Pradipta,082608810048,cawuk10@example.com,2002-03-02
C00096,3208348051416323,"Nyana Rahimah, S.Kom",081658483130,blaksmiwati@example.com,1996-11-27
C00097,3214808900005790,Ratna Situmorang,085949255027,yuliantiviktor@example.com,2003-01-06
C00098,3232352092036111,"Banawi Permata, S.E.I",085065831578,adriansyahfathonah@example.net,1995-05-07
C00099,3218335988307613,Qori Wastuti,083090525278,drahayu@example.com,2000-10-16
C00100,3245936070768886,Rendy Manullang,089720923339,maimunah84@example.com,1992-02-05
C00101,3207165249726171,"Upik Hassanah, M.Farm",087943785964,vanya50@example.org,1969-03-11
C00102,3219024389090612,"dr. Putu Simbolon, S.Psi",087894893912,ewinarno@example.com,1997-09-10
C00103,3212844107084706,Jamal Utama,087387645948,ivanbudiyanto@example.net,2005-12-23
C00104,3278366879891031,"Dt. Reza Wahyuni, S.E.",088746797807,irawanmanah@example.net,1984-10-31
C00105,3255788484748525,Sutan Pranawa Prakasa,082470679530,palastrinaradi@example.com,1976-03-08
C00106,3238643518690787,"Ratih Mansur, M.TI.",085272548850,kuncaradabukke@example.com,2002-04-01
C00107,3244085760775804,"Balamantri Yuniar, S.Pt",088486634141,cengkalkuswandari@example.org,2005-03-08
C00108,3207599175609430,"Rahmi Sinaga, S.I.Kom",085460184739,purwadi12@example.org,1975-06-15
C00109,3211253388374597,Malika Siregar,088024619723,cici91@example.net,1982-11-30
C00110,3286839619208897,Cakrawangsa Kuswandari,084655998331,usamahprakosa@example.com,1968-07-13
C00111,3239724678921891,Dt. Dipa Hastuti,081570311687,sitoruswardaya@example.org,1968-02-12
C00112,3232415047047994,KH. Prasetyo Prabowo,089763515499,raihan41@example.net,1975-07-26
C00113,3292404787982941,Novi Kuswoyo,083960398043,aprayoga@example.org,1972-09-09
C00114,3258273261274608,"Nilam Yulianti, M.Pd",089283442535,ana80@example.net,1968-10-14
C00115,3267247128939973,"Alika Ramadan, M.Kom.",087659884250,znainggolan@example.org,1976-01-03
C00116,3229777495225440,Reza Winarno,081274951891,astutipia@example.org,1982-06-22
C00117,3233903161984197,Harjasa Sihotang,085768562427,hakimgalur@example.com,2002-08-03
C00118,3269923303245532,"Puti Ellis Mansur, S.E.I",081873694271,dimaz03@example.net,1980-04-25
C00119,3296746784639208,"Niyaga Rahayu, S.Gz",086675650386,nputra@example.net,1966-08-03
C00120,3207408405167035,Dewi Farida,082856041953,mardhiyahusyi@example.com,1981-07-14
C00121,3281847979300522,Dian Andriani,088935024042,teddysimanjuntak@example.net,1969-08-17
C00122,3203408291365895,Karimah Mustofa,083088684997,sabarpertiwi@example.com,1967-07-12
C00123,3229432227100489,"Prasetya Wastuti, S.Pt",081272025104,utamarizki@example.net,1986-03-07
C00124,3200397644676016,Wadi Mayasari,086006150380,hafshahiswahyudi@example.com,2000-01-15
C00125,3253896013855559,Kunthara Habibi,089678424204,kuntharadabukke@example.com,1983-04-06
C00126,3237180479276957,"Prabawa Kuswoyo, S.E.I",085843430148,najmudinindah@example.org,1991-02-20
C00127,3264951815037285,Paramita Pradipta,088794051668,ylazuardi@example.net,1989-05-09
C00128,3266860162787200,Janet Nuraini,082534043287,mulyantoputra@example.org,2001-05-20
C00129,3203604632467517,"Sutan Bagya Firgantoro, S.Kom",087155329918,jasmani36@example.com,2001-11-02
C00130,3248944968369521,"Tina Wibowo, S.Pd",084710767941,suwarnopia@example.com,2007-03-25
C00131,3257730722805148,Ratna Prasetyo,088377722810,atmajawulandari@example.com,1976-09-21
C00132,3283020605371959,"drg. Cayadi Wibisono, S.Ked",084983791965,ifa24@example.net,1972-05-27
C00133,3272151512820245,"Drs. Farhunnisa Uwais, S.Pt",082007106457,kasiyah82@example.com,2006-01-19
C00134,3219342980886890,R.A. Endah Handayani,082558805815,laksitaemong@example.com,1969-06-21
C00135,3271679834568036,"drg. Dalima Budiyanto, S.E.",088149448174,alambanafarida@example.org,1998-05-03
C00136,3248589127789989,Kiandra Pradana,085262798186,vdongoran@example.org,1984-11-18
C00137,3207795136123500,"drg. Warta Tamba, M.M.",087568468660,radenmulyani@example.com,2003-11-29
C00138,3262747571889956,Rahayu Natsir,088554515568,epurwanti@example.org,2008-07-24
C00139,3236377041586748,"R. Indah Simbolon, S.Pd",089349171401,kalim86@example.org,2008-05-23
C00140,3228261310016685,Jaiman Riyanti,084413501204,vivi20@example.net,1996-12-13
C00141,3222307325025154,Slamet Mandala,084723586813,rajatahasta@example.net,1982-08-04
C00142,3241001630265767,Rini Rahayu,085241828420,kairavnasyidah@example.net,1990-05-31
C00143,3290136479464144,"Siti Fujiati, S.Psi",082834636430,mursita13@example.net,1978-02-15
C00144,3208230638492189,Hafshah Nababan,089547807174,dwacana@example.org,1978-11-27
C00145,3206061146942156,Maryadi Habibi,086948604857,zahraramadan@example.net,1978-10-04
C00146,3221970767967868,"Tgk. Tedi Firmansyah, S.Pt",087883211037,cahyadi71@example.com,1969-11-25
C00147,3286196736198257,Elisa Simbolon,084474890460,tanggraini@example.com,1990-09-16
C00148,3210080749331038,"Drs. Amalia Zulkarnain, M.Ak",086977361693,bakianto14@example.com,1998-12-01
C00149,3258192298203917,Prasetyo Agustina,088808685302,iannasyiah@example.com,1979-07-12
C00150,3261526872865973,Vivi Latupono,082751692620,danangnababan@example.net,1970-04-09
C00151,3226724165933598,Puti Gilda Winarsih,086958268921,mustofakawaca@example.net,1980-12-21
C00152,3293776945349686,"R. Kamaria Mustofa, M.Farm",089711870997,vsirait@example.com,1981-10-02
C00153,3258900978824695,Luthfi Mulyani,081826844245,asmiantosaptono@example.com,1978-03-03
C00154,3279306036688542,"R. Taufik Pratama, M.Ak",084763736679,tiara58@example.com,1972-04-22
C00155,3298913880303473,Emin Hastuti,086009350296,timbul58@example.com,1999-07-01
C00156,3268267160065186,Balijan Nashiruddin,081617862485,budiyantohairyanto@example.com,1968-01-24
C00157,3219916924813493,"Pranata Mangunsong, S.Psi",089988971982,yahya02@example.org,1992-05-05
C00158,3276855501840876,"Restu Puspasari, S.Pt",086778374039,pnainggolan@example.org,1969-11-09
C00159,3278202821923526,Rahmat Prayoga,082923664310,karsarahmawati@example.net,1986-12-21
C00160,3248118022548268,Mujur Saputra,087963922320,riyantisakti@example.com,2004-04-29
C00161,3281672945031460,"Asirwada Putra, S.Pt",082452397437,ynurdiyanti@example.com,1970-08-23
C00162,3252572824537467,Pandu Dongoran,081134740559,pranatahardiansyah@example.org,1986-05-08
C00163,3214474600519807,Laswi Saptono,082423504430,tampubolonkacung@example.net,1988-06-12
C00164,3207636069412634,Raisa Latupono,084255645438,rudi22@example.org,1983-12-17
C00165,3222409058491121,"Dt. Latif Saragih, S.Gz",082276103316,rahayujoko@example.net,1976-07-08
C00166,3240173182897365,"Aurora Nababan, M.Kom.",089548221705,manullangfarhunnisa@example.org,1989-08-31
C00167,3259890111027578,Unjani Sudiati,084250173921,prastutidacin@example.net,1994-05-30
C00168,3284482909843054,Yosef Pertiwi,083622239444,farahzulkarnain@example.com,1993-06-29
C00169,3295750530389249,Lalita Riyanti,082741464189,nainggolandodo@example.com,2006-12-14
C00170,3224812465825006,Natalia Utama,089759996820,paris56@example.com,1995-11-02
C00171,3226599196939290,Intan Pranowo,086447404568,kokowibowo@example.com,1999-04-01
C00172,3207561616584451,Daryani Saefullah,088736166915,tami25@example.org,1996-01-20
C00173,3242314484522991,Luthfi Kuswandari,088719582368,kusumolukita@example.com,2003-04-05
C00174,3263910500914130,Anastasia Hakim,087383771073,osihombing@example.com,1997-10-12
C00175,3206943358896724,Kani Wacana,089619714683,radenpermata@example.org,1984-11-04
C00176,3234491276964532,Tgk. Najam Haryanti,089099270335,marsudi22@example.net,1981-02-14
C00177,3292980875390610,Chelsea Permadi,083421979726,raisasetiawan@example.com,1986-12-08
C00178,3248000221124312,Karma Mandasari,083347359297,dwinarno@example.com,2007-01-24
C00179,3243376847592113,"Bagya Dabukke, M.Farm",089786321038,dalimanajmudin@example.org,1991-10-27
C00180,3282810278699221,"Zelaya Najmudin, M.TI.",084155984094,kusumorafid@example.com,1971-11-21
C00181,3232658769124639,Kamaria Usada,084041475435,rajatairsad@example.net,1966-01-19
C00182,3298935526640729,Artawan Simanjuntak,089339960121,qlailasari@example.org,1997-01-19
C00183,3250530254650668,Winda Sudiati,085485628337,rini85@example.com,1977-11-04
C00184,3275116647436110,Darman Safitri,083448195951,wusamah@example.org,1972-11-26
C00185,3295045349850105,R. Warta Usada,082326526577,najmudinvanesa@example.com,1983-05-21
C00186,3217857207605106,"Nova Hardiansyah, S.E.I",084584872089,khandayani@example.org,1990-05-11
C00187,3245356993049868,Rangga Hutapea,089048416586,vanesa73@example.net,2005-05-14
C00188,3265395630555213,Makara Wulandari,084438278195,puspa28@example.net,1970-07-22
C00189,3222537672859505,R. Uli Oktaviani,088359862921,dodowulandari@example.org,1994-12-03
C00190,3212179497889646,Yulia Hutapea,088398326426,najib46@example.org,2005-10-08
C00191,3237363444559057,Kawaca Tampubolon,085636878626,jakakuswandari@example.org,1968-05-08
C00192,3296617650468162,Laras Prastuti,089399057667,kacungsihotang@example.org,1974-09-24
C00193,3257198893236147,dr. Panca Utama,085693544779,hamzah25@example.com,2004-04-21
C00194,3207278802903366,Titi Novitasari,084213178428,jatmiko68@example.com,1989-09-30
C00195,3294300357621473,Ir. Darman Prakasa,089049584572,situmorangabyasa@example.org,2002-05-01
C00196,3297823022014644,"R.M. Eka Januar, M.Ak",089722080381,brahimah@example.com,1981-11-23
C00197,3229102520961076,Gamblang Hakim,087625814848,rahmi06@example.com,1996-10-05
C00198,3244317548225208,"dr. Lasmono Pudjiastuti, S.Pd",089034442720,sakurapudjiastuti@example.com,1984-07-21
C00199,3277833823913605,"Panji Pratama, M.M.",088991280331,niyaga33@example.net,2006-04-16
C00200,3288158799345583,Sutan Ganda Saefullah,087314049059,maya68@example.org,1974-10-17
C00201,3232565245131409,Karma Marpaung,086716821164,padma60@example.com,1967-09-04
C00202,3209000143490887,Bahuraksa Zulaika,082506403109,pardikusumo@example.com,1985-12-07
C00203,3265225323354052,"Dr. Luthfi Nurdiyanti, M.M.",085558082569,epradipta@example.org,2007-08-11
C00204,3246088603301267,"Hj. Karen Hassanah, S.Ked",085181847034,dasa84@example.org,1999-09-13
C00205,3230513881084137,"R.M. Usman Andriani, S.Gz",086532066885,balasitompul@example.com,2001-10-18
C00206,3238297041847486,Tami Pradana,089172000983,lmardhiyah@example.com,1970-02-11
C00207,3204301633502399,Cahyono Mangunsong,082810144269,karma30@example.com,1979-02-10
C00208,3216529948135349,Clara Samosir,088298927494,bagiyasantoso@example.net,2000-10-18
C00209,3264986477829125,"Unjani Suartini, S.Ked",086584129451,rwinarsih@example.org,1985-03-14
C00210,3283808127206640,dr. Kezia Purnawati,082343078308,darmantomaryati@example.org,1968-01-19
C00211,3279148416914692,R. Zulaikha Wacana,083615504379,lembahprakasa@example.net,1983-05-10
C00212,3252077373966551,"Drs. Teguh Haryanto, M.Pd",088711950268,pradanatirta@example.com,2007-05-13
C00213,3275529908639532,Puput Habibi,089470055689,dgunawan@example.com,1967-11-12
C00214,3208568755623274,Lega Widodo,089132689967,purwantijuli@example.org,1992-03-15
C00215,3234660577449689,Gangsa Laksmiwati,085751331549,cawisadi42@example.net,1999-05-15
C00216,3277856335385257,Lintang Sihombing,089228798218,hardi68@example.com,1993-05-03
C00217,3243608616630571,"Tgk. Febi Nashiruddin, S.Pt",087045498220,jindra41@example.net,1975-05-01
C00218,3275306939697407,Yuni Nashiruddin,089398992297,dina50@example.com,1972-03-06
C00219,3211656002339386,"Kariman Gunarto, S.E.I",083542982815,teguh73@example.com,1979-01-02
C00220,3272466866591397,"T. Banawa Tampubolon, M.TI.",086814577864,gambirasirait@example.com,1976-03-16
C00221,3246368655516962,Hardi Mahendra,088933708891,psitumorang@example.net,1980-06-03
C00222,3298851831841958,Hj. Unjani Susanti,084807470258,kusmawatianastasia@example.org,1978-05-27
C00223,3247211882840243,Marsito Samosir,085772870455,fitriani26@example.com,1994-03-30
C00224,3237591187919059,"Dr. Siti Laksmiwati, S.Ked",088235744370,emongwasita@example.com,1966-07-24
C00225,3222161283738615,Cindy Marpaung,082694418711,bakijan25@example.net,2007-02-19
C00226,3203556671739716,"Harsaya Yolanda, S.Pd",085422113897,wibowoyuni@example.net,2005-03-20
C00227,3263579781326878,Irma Mahendra,087891259212,salimah71@example.com,1975-09-16
C00228,3230349536324460,Mala Pudjiastuti,082168947094,eluh47@example.net,1968-10-10
C00229,3298510022212966,"Indah Kuswoyo, S.Ked",089536490056,plazuardi@example.net,1995-02-26
C00230,3222005500767454,"Prayogo Nababan, S.E.I",083519282276,sprasetyo@example.com,1966-05-19
C00231,3224724585663159,Ganep Fujiati,087889406370,budimansaiful@example.com,2000-03-03
C00232,3284826862566850,"Dt. Hasta Mansur, S.H.",085387434896,prabowousamah@example.net,1971-12-13
C00233,3241995558618099,Hasta Permadi,082605165674,suryatminalar@example.com,1970-07-05
C00234,3272038879874133,R. Kuncara Halim,087010657030,rahmi44@example.net,1993-04-15
C00235,3298642198885483,Olivia Melani,084818861825,martakawidiastuti@example.com,1970-09-22
C00236,3245533692405236,"Karman Anggriawan, S.T.",083838655589,putri51@example.com,1984-03-09
C00237,3233821185796372,Baktianto Rahmawati,083428531460,kaniasinaga@example.net,2004-02-16
C00238,3277923932710882,Sari Wulandari,085371567050,purnawatihartaka@example.net,2003-12-04
C00239,3256803588546678,"Paramita Puspita, S.Kom",082085080184,janetsaputra@example.com,1994-10-04
C00240,3224971027869708,"Victoria Wijayanti, S.H.",085342601201,lasmanto36@example.org,1976-12-25
C00241,3247337041151040,"Dr. Indah Prastuti, S.Psi",082865467187,iswahyudifaizah@example.org,1973-07-15
C00242,3292332892963047,"Drs. Kardi Sitorus, M.Pd",089433341656,megantarabella@example.com,1972-12-27
C00243,3281966114614432,dr. Rangga Nugroho,081525828484,gpermata@example.org,1977-06-25
C00244,3218818022723359,Asirwada Saragih,081116424963,nrima59@example.org,1969-07-24
C00245,3228850748386501,Amalia Purnawati,087796455458,gadingpangestu@example.com,1997-05-04
C00246,3202005010617687,"Dr. Maya Nugroho, M.Kom.",086407418612,malik62@example.org,2003-09-29
C00247,3244976296395729,Nurul Nababan,089693789549,wahyudinmarsito@example.org,1977-06-12
C00248,3211152952569528,Aisyah Kuswoyo,087349673749,blatupono@example.net,2002-02-05
C00249,3259804213308472,Samiah Pudjiastuti,087747773615,oktavianidian@example.net,1986-11-16
C00250,3244803630952285,Luluh Najmudin,082633529382,ksitumorang@example.net,1978-05-25
C00251,3294405472156514,"Rachel Permata, S.H.",084784677896,najwa47@example.org,1972-06-27
C00252,3214330355209529,Gina Lazuardi,084359796170,santosokarja@example.com,1995-06-25
C00253,3272205150453590,Ida Mahendra,085329777781,lega76@example.com,1970-03-28
C00254,3250422689137293,Salimah Winarsih,083940716803,yosefusada@example.com,1985-08-03
C00255,3220080393019827,Gabriella Sihombing,088454902654,wastutijarwadi@example.net,1999-06-13
C00256,3273350954960613,Marsito Prakasa,086691764631,eja07@example.org,1976-04-02
C00257,3205407594431057,Wani Ramadan,088628159376,dalimamaulana@example.org,1987-10-23
C00258,3285458784069099,Mujur Widiastuti,086914507551,artawan41@example.net,1992-01-24
C00259,3214732502780106,drg. Ira Prakasa,089133893384,bfirmansyah@example.net,1988-03-19
C00260,3211422046894640,Putri Megantara,089886655897,puti20@example.net,1991-03-12
C00261,3221485727528155,Darimin Kuswoyo,085572766024,keisha19@example.com,1973-01-11
C00262,3287152162313230,Irma Kuswoyo,083746022702,xprasetya@example.net,1985-01-03
C00263,3200585452328008,Edward Safitri,087652711886,lgunarto@example.com,1980-02-07
C00264,3220526441294560,"Mariadi Mangunsong, S.IP",086986494891,sidiqbudiman@example.net,1998-03-13
C00265,3259676672446037,Elma Mustofa,082696128886,vwijaya@example.org,1970-05-30
C00266,3252755853535863,"Cinthia Nababan, M.Pd",085952626056,marbunputri@example.org,1987-05-19
C00267,3229586814550934,Digdaya Usada,084543857228,danangfarida@example.org,1978-01-18
C00268,3298121833287711,KH. Raditya Suwarno,084459238721,limanpermadi@example.org,1966-03-07
C00269,3255188531499004,Najwa Suartini,083967062705,putripurnawati@example.net,1985-05-03
C00270,3264050297299606,Syahrini Dongoran,086928004185,vinopermata@example.com,1969-11-14
C00271,3224516569193851,"Ulva Jailani, S.Kom",081351519889,asmuni38@example.org,1976-09-05
C00272,3225587699114306,Among Jailani,085454235660,imulyani@example.net,2007-02-06
C00273,3206295792523872,Michelle Gunawan,084711852602,csuwarno@example.org,1984-02-23
C00274,3247620803236245,"Dr. Vivi Saefullah, S.Pd",085981900542,warsitaadriansyah@example.org,1999-02-03
C00275,3216986127121776,Dalima Pertiwi,089762434383,akarsana82@example.net,2003-10-01
C00276,3255958671562260,"Rika Wijaya, M.Kom.",084995257837,shaniasuryatmi@example.org,2002-03-13
C00277,3250487433735665,H. Reza Pratama,084600102775,taufan67@example.org,1966-01-21
C00278,3298674644949573,Drs. Jane Jailani,085768819153,hastutilatif@example.com,1977-04-29
C00279,3236937531740363,"drg. Cinthia Pratiwi, S.Ked",084606915053,bmaryadi@example.net,1978-06-19
C00280,3286995643465301,Umi Saptono,081633886333,kusuma45@example.com,1972-06-20
C00281,3236385894699732,Okto Waskita,088378403337,digdaya22@example.net,1969-03-13
C00282,3259146436183332,Mila Manullang,086733483960,jayamangunsong@example.com,1974-01-25
C00283,3280251410272251,"Elma Fujiati, M.Ak",084728352197,jefrimegantara@example.org,1978-12-27
C00284,3268941894337140,Adiarja Halim,084567545845,isihotang@example.org,1990-01-29
C00285,3248371215464186,Kenes Hartati,086047377739,sihombingrosman@example.net,1999-05-11
C00286,3289731169621887,Hilda Uyainah,088092242075,utamihalima@example.net,1969-07-05
C00287,3260730901435153,Harjo Wahyudin,087683164211,samsulsihombing@example.com,1971-01-12
C00288,3251438138501614,Candra Pratama,082747059315,cahyatampubolon@example.net,1992-07-21
C00289,3271465068091704,Mulya Tamba,088620968567,lestariadhiarja@example.com,1973-07-08
C00290,3241670736180525,"R.A. Titin Wacana, S.Psi",084281324761,tiarautami@example.org,2000-06-28
C00291,3274666122451564,Rina Wacana,086908643801,rangga77@example.com,1969-07-20
C00292,3231087472792432,Luis Samosir,082828437474,satyamegantara@example.com,1974-03-25
C00293,3269752849828290,Restu Yulianti,085410306226,karimah37@example.net,2000-04-03
C00294,3234543053992487,Siska Winarno,088327033757,ctamba@example.org,1970-12-12
C00295,3219730295074644,Drs. Yahya Sihombing,081682941187,latuponosepti@example.net,1985-09-20
C00296,3232705588630121,Irwan Iswahyudi,084160737811,ganjaranhidayanto@example.com,1990-08-11
C00297,3209902273524425,"Ajimin Haryanti, S.T.",087717275594,ypuspasari@example.net,1968-04-22
C00298,3245822278565223,Wira Wahyuni,086997479137,wyolanda@example.org,1973-05-06
C00299,3225864200137390,Mariadi Suryono,089845981941,vanesa12@example.net,2001-06-27
C00300,3292121529518532,"R.M. Rafi Januar, S.E.I",085370974747,jasmanisihotang@example.org,1972-11-13
C00301,3210414185493886,"Violet Damanik, M.Kom.",085365998836,pratiwijais@example.net,1988-04-03
C00302,3272327347639145,Mahfud Wahyudin,082953441613,banawa27@example.net,1996-05-08
C00303,3206190367279224,"Zelaya Hartati, M.Pd",081115566564,malikakuswandari@example.org,1966-09-23
C00304,3207842095479933,"Drs. Luthfi Najmudin, M.Farm",081517048222,adiarjahartati@example.com,2003-08-18
C00305,3255152378094865,Mumpuni Sirait,084911215201,garang97@example.org,1982-03-22
C00306,3244972908558887,Bakijan Melani,082680650653,bhutasoit@example.org,1970-01-28
C00307,3259840078707467,Ami Mandala,089479106484,qsantoso@example.net,1976-05-01
C00308,3204115818333834,"H. Maryadi Pradana, M.Ak",084054707464,panji37@example.org,1992-05-22
C00309,3232058284280247,Dt. Asirwada Hutapea,082115984024,olgawasita@example.org,1971-05-14
C00310,3230811098426039,"Ir. Rini Manullang, S.Kom",082439857704,wirasimanjuntak@example.net,1968-06-03
C00311,3237370250803237,Langgeng Nababan,083447211665,irawansakti@example.net,1975-03-24
C00312,3272408138280304,Widya Sihombing,087757201708,lili71@example.com,1974-07-31
C00313,3226666301607234,Lutfan Haryanti,085689641804,praba76@example.com,1978-04-13
C00314,3287961757007279,"Ir. Laras Astuti, S.E.",085649211165,setiawanbaktiono@example.org,1982-11-07
C00315,3274561910553664,Pandu Hassanah,082325660267,najwahutasoit@example.com,1981-03-14
C00316,3273587218575786,Hana Hardiansyah,081860297712,violetdabukke@example.net,1988-09-03
C00317,3281766628323532,Taufik Uyainah,088684225899,zhariyah@example.com,1972-12-14
C00318,3208231804206219,Ir. Betania Setiawan,086781752431,bakimannapitupulu@example.org,1972-01-07
C00319,3235783424329301,Maria Mandala,089971714936,laksmiwatijono@example.net,1983-05-21
C00320,3250907273417723,Rendy Permata,081761978227,zulaikaumay@example.net,1970-11-27
C00321,3274895889138246,"R. Simon Iswahyudi, S.E.I",089215387390,jefri19@example.com,1966-02-13
C00322,3225958885434755,"R.A. Tira Waluyo, S.Kom",085463083058,kaylapranowo@example.com,2006-09-11
C00323,3219020677785037,Limar Rajasa,084965933988,rajataestiawan@example.org,2005-02-04
C00324,3281660614101176,Abyasa Prabowo,087230849499,yolandakasiyah@example.com,2005-02-05
C00325,3242385213198629,dr. Patricia Pudjiastuti,083264292321,galang46@example.com,1998-02-17
C00326,3275108272873388,Belinda Handayani,084335870391,taliaanggriawan@example.com,1982-01-12
C00327,3278216627543304,R.M. Harsanto Sihombing,089759565475,hartanaprayoga@example.net,1986-03-10
C00328,3206031653788892,Aditya Permadi,084787599587,opuspasari@example.org,1989-07-21
C00329,3248308640763120,Ida Uyainah,087193935815,caturangga80@example.com,1980-11-12
C00330,3284650747634836,drg. Rusman Simanjuntak,086908754399,saefullahtedi@example.org,1965-12-11
C00331,3240903684130489,Wahyu Lazuardi,087825253216,lmansur@example.net,1969-07-25
C00332,3241568257653967,Asmuni Wacana,087465817174,mansurendra@example.com,1969-06-16
C00333,3202247900204570,"R.M. Jefri Namaga, S.Ked",083832982517,bahuwiryamarpaung@example.org,1968-01-29
C00334,3262840332110840,Bagya Setiawan,082890552962,tnashiruddin@example.com,2003-06-15
C00335,3233281607100955,"Tgk. Eko Uyainah, M.Farm",082245157990,januarleo@example.org,2001-07-18
C00336,3269271842261163,Novi Kusumo,082348380971,panca28@example.org,2007-09-09
C00337,3216936252318142,"Puti Aryani, S.T.",081122509336,ewinarno@example.com,1996-05-18
C00338,3266388565773996,Putu Suartini,084305999535,vanesa86@example.net,1988-01-27
C00339,3210933562405412,"Kamila Winarno, M.Ak",084121674983,sihotangluluh@example.net,1977-06-13
C00340,3275384295357332,Restu Manullang,083112772094,harsaya71@example.com,1990-09-27
C00341,3203778136365221,Opan Uyainah,082853361166,paulinnovitasari@example.net,1989-07-20
C00342,3230418006289328,"Puti Eka Kuswandari, S.Farm",087575992195,swahyuni@example.net,1981-08-15
C00343,3271921310075301,"Drs. Mitra Simbolon, S.I.Kom",089571414443,aniputra@example.org,1992-06-12
C00344,3212197767455801,Ade Mustofa,085719412495,najwahalim@example.net,2004-04-23
C00345,3277248321052684,"Drs. Eka Fujiati, S.E.",083561720026,darmanto11@example.com,1986-01-02
C00346,3262237138869520,Cornelia Melani,089967710312,najam99@example.com,2001-01-27
C00347,3272907384704448,Raden Agustina,089578718346,siska82@example.net,1975-10-04
C00348,3210427043764027,"Cemani Habibi, M.Pd",089982156564,elma37@example.org,1984-11-04
C00349,3235139026249361,Lutfan Salahudin,089439313438,safina76@example.com,2001-07-09
C00350,3230744432430536,Gabriella Marbun,083831378030,patricia21@example.com,1994-10-13
C00351,3258303487354409,Olivia Wasita,084947462553,dimas02@example.com,1976-09-23
C00352,3231401588972472,Mila Nugroho,088819526571,uwacana@example.org,1980-08-14
C00353,3272236286331039,Ulya Uyainah,083242214987,opuspita@example.org,1993-01-13
C00354,3223917319166601,"Jindra Mayasari, S.Kom",086023004738,padmasarihardana@example.org,1967-06-22
C00355,3282158255164360,Sakti Utama,087645896105,saktilatupono@example.com,1993-02-23
C00356,3221212774767842,Jasmin Wahyudin,085441954749,najmudinedi@example.com,1970-03-03
C00357,3252058325823478,Ira Wacana,086800328645,thamrinmarsudi@example.org,1986-04-21
C00358,3250290583290637,"Kamila Hasanah, S.E.I",083216988384,umayamahendra@example.net,1989-09-06
C00359,3260701502354391,Puti Gina Dabukke,086577295877,ajengsudiati@example.org,1998-03-11
C00360,3266487730379889,"Hj. Ajeng Puspita, S.IP",083578285293,waluyohakim@example.net,1995-10-17
C00361,3267016658827857,Virman Winarno,088355521939,niyaga08@example.com,1992-05-12
C00362,3226245347966107,Sakti Dabukke,089887460703,syahrinisuryono@example.net,1984-01-13
C00363,3248475131353330,"Tgk. Luwar Marpaung, M.Kom.",081542123397,padma87@example.net,2007-09-28
C00364,3204581267342244,Warta Prayoga,086035975254,fnarpati@example.org,2006-11-30
C00365,3291055341169189,Tgk. Lurhur Kusmawati,086425356149,psuryatmi@example.org,1974-04-19
C00366,3232304976935914,Bambang Winarsih,088215891803,purwantiayu@example.com,1982-02-26
C00367,3222637616482099,Dwi Mardhiyah,083222846345,yunipranowo@example.net,1999-10-27
C00368,3232558377128425,Mursinin Jailani,088527169475,mursita25@example.org,1981-09-16
C00369,3283214281958130,"Tgk. Cecep Permadi, M.Ak",089691194013,santosoihsan@example.org,1979-08-21
C00370,3212339616411899,Gara Rajata,089731144913,endahhalim@example.net,1977-12-29
C00371,3204083105522992,Ani Sitorus,084304916198,restu06@example.com,1996-07-14
C00372,3275724351846972,"Tgk. Agus Ardianto, M.Pd",089423361739,anastasiapuspita@example.org,1975-03-28
C00373,3240831404165689,Ajimin Kusmawati,081693724510,aswaniastuti@example.org,1967-05-08
C00374,3213673822918497,Eluh Wacana,083437379946,tina14@example.net,1970-07-17
C00375,3256254665531004,Kezia Narpati,082738202080,ktamba@example.net,1999-03-06
C00376,3230526142223380,"Faizah Hariyah, S.Sos",083292351805,rnababan@example.com,1969-11-02
C00377,3213992610168165,Tgk. Danuja Puspita,081399669315,qharyanto@example.net,1980-06-20
C00378,3272150031543435,Maimunah Simanjuntak,087927507702,hariyahhamzah@example.com,2003-08-02
C00379,3249487648453435,Ajiono Uwais,085060303276,saputrahani@example.com,2005-04-02
C00380,3275689646391954,Cut Zahra Latupono,085148434707,pertiwiluwes@example.com,1998-05-14
C00381,3252986076751360,"Uda Kuswandari, M.Pd",083157965303,cagernajmudin@example.net,2007-01-21
C00382,3268402418338773,"Dr. Mustofa Marpaung, S.E.",085872566561,intansuryatmi@example.com,1981-06-27
C00383,3258351129865563,Ayu Lailasari,081472744970,mardhiyahkacung@example.net,1998-07-10
C00384,3241439301966383,R.M. Gangsa Lailasari,083279085529,sucibudiyanto@example.com,1971-11-17
C00385,3286456887695059,Darmaji Wacana,085252766339,adiarja46@example.org,1972-12-04
C00386,3280076409991808,Gadang Aryani,086671099345,qhutapea@example.com,1978-10-09
C00387,3253418198874755,"Violet Nurdiyanti, S.E.I",089574643210,epratiwi@example.net,1996-01-26
C00388,3246749789878337,Ade Susanti,086222267282,rafi02@example.com,1994-03-30
C00389,3267591395216871,Dt. Rafi Marbun,086665969798,msimanjuntak@example.net,2000-09-25
C00390,3296320410812371,Karta Widodo,084652460082,okto50@example.org,1978-11-22
C00391,3201303558385756,"Tgk. Farah Wahyudin, M.Farm",087086804197,caket36@example.net,1968-08-23
C00392,3285167002775305,Jelita Nainggolan,081892334643,tirtayasasusanti@example.com,1974-11-15
C00393,3261808565149144,drg. Darmana Hastuti,082416471095,fmarpaung@example.org,1975-01-05
C00394,3262608826991648,Nova Gunarto,088829031635,latuponodiah@example.com,1972-03-14
C00395,3291191506469169,Amalia Yuliarti,088304690488,gadingmaulana@example.org,1969-08-03
C00396,3200537364802996,"Yuni Siregar, S.E.",088478036131,suci59@example.net,1968-06-03
C00397,3281783415019097,R.A. Nadine Hardiansyah,083592229166,hhariyah@example.net,1976-12-15
C00398,3257386855685902,Sutan Alambana Mangunsong,083155893098,purwadi25@example.com,1978-01-12
C00399,3270534929825423,"dr. Nabila Sihotang, S.E.I",083955513103,isafitri@example.net,1974-10-14
C00400,3219832307791799,"Tedi Adriansyah, S.T.",089945291744,mustofacinthia@example.com,1971-03-03
C00401,3277799014374090,"Gamanto Wulandari, M.Pd",089187218754,hari53@example.com,1975-12-16
C00402,3228546267390603,"Kasiyah Prasasta, S.I.Kom",084287117195,xsuartini@example.com,1977-03-16
C00403,3220254062868975,Rina Maulana,082804846429,mwasita@example.org,1972-10-06
C00404,3278968336589816,"Zizi Sudiati, S.Gz",087969046636,tomi34@example.net,1983-04-13
C00405,3215519348088238,Oliva Lailasari,082361496713,upikmandala@example.net,1995-10-27
C00406,3258646397053282,"Drs. Lala Simbolon, S.IP",087714065830,lpermadi@example.org,1994-03-27
C00407,3280793649540086,Farah Melani,081404256086,baguspudjiastuti@example.net,1995-08-28
C00408,3238177943088064,Pia Irawan,081538984472,ciswahyudi@example.com,1994-08-27
C00409,3254529341005188,Kemba Winarno,085323816161,kemba38@example.com,2005-08-20
C00410,3231400385574209,dr. Bahuraksa Waskita,089305459770,anggabaya66@example.net,1972-02-22
C00411,3206288327225522,"KH. Viman Firgantoro, S.Pt",086299059670,latuponoirnanto@example.com,2004-07-25
C00412,3249936365183103,R.M. Tedi Pranowo,087220309912,agus43@example.net,1990-07-28
C00413,3279645609053722,Nugraha Anggraini,088291605637,prasetyofujiati@example.org,1986-07-06
C00414,3204877429494099,dr. Keisha Habibi,084108613252,keishayuliarti@example.org,1996-07-23
C00415,3225568033133597,Gambira Zulaika,084054115759,ajimanriyanti@example.net,1992-07-09
C00416,3231220293185356,Hasan Situmorang,084831667954,mitra04@example.com,2007-10-01
C00417,3261225600432116,Eka Sihotang,087245294955,prayogaelisa@example.org,1989-08-16
C00418,3296573380510082,Wani Rahayu,086570162266,nprabowo@example.org,1980-03-14
C00419,3253343489754063,"Ihsan Pertiwi, S.Psi",081142777161,joko82@example.com,2004-05-29
C00420,3277570024163155,T. Balamantri Pranowo,084322273252,gfirmansyah@example.net,2001-04-07
C00421,3241770125090479,"Zalindra Lailasari, M.Kom.",086849253200,johan77@example.org,1975-10-16
C00422,3257410374591498,Ir. Harjaya Novitasari,088280218858,usadacawisadi@example.net,2004-06-30
C00423,3273850338900588,Erik Wahyuni,086274785253,ozulaika@example.com,1982-12-10
C00424,3274408986927170,"Bakti Megantara, S.E.I",089263612869,rpermata@example.org,2007-08-24
C00425,3227811496031970,Raharja Suryatmi,089536911236,tandriani@example.net,1995-03-21
C00426,3254217729551298,Wirda Narpati,089404322267,mangunsongjaswadi@example.net,1982-01-17
C00427,3221592178028258,Diah Kurniawan,081117826966,naradigunarto@example.org,1998-09-03
C00428,3212638447921238,Kezia Yolanda,085063660513,prakosa69@example.net,1983-05-16
C00429,3264735970736984,Wirda Laksmiwati,082801330908,wnajmudin@example.org,1988-01-28
C00430,3210387888503785,Sari Widiastuti,086389812162,hmustofa@example.org,2006-01-12
C00431,3278518646815419,Warta Saefullah,084714670499,wawanpuspasari@example.com,1994-05-15
C00432,3200549722505562,Ir. Indah Widodo,087676543013,gandi74@example.com,1995-07-22
C00433,3295562518318239,"R.A. Puput Laksita, S.IP",086751798962,cmayasari@example.com,2001-06-28
C00434,3249867299506592,Mulyono Anggraini,087101135357,ozysuartini@example.org,1994-01-04
C00435,3228383562043266,Lili Nasyiah,085454290324,rsuryono@example.org,1989-10-23
C00436,3206896965380455,"Lala Novitasari, M.Pd",082239999005,warsarahayu@example.net,1984-05-16
C00437,3205223432154608,Warsa Prayoga,083672840813,cmaulana@example.org,1972-02-21
C00438,3295496013825403,Jessica Januar,083769318640,akarsana99@example.com,1980-08-27
C00439,3203127632767220,Tgk. Ratih Nababan,088606059798,xrajata@example.org,1986-08-01
C00440,3289194849248467,"Tgk. Jayeng Fujiati, M.Kom.",083705950406,fhartati@example.org,1995-02-23
C00441,3237139882130145,Yani Mandala,081227777064,vprasetya@example.org,1978-03-26
C00442,3274530724636457,"Drs. Galar Pratiwi, M.TI.",082144260405,nasyiahika@example.org,1984-07-08
C00443,3267609050029406,Ani Suartini,085307815884,nugrohotedi@example.org,1975-03-04
C00444,3254921464373450,Padma Yolanda,089299759425,pagustina@example.org,1992-03-29
C00445,3251359860135339,Puti Dalima Siregar,081580725705,julia78@example.org,1985-07-04
C00446,3227300782657671,Irfan Hardiansyah,086503635113,padriansyah@example.net,1993-05-18
C00447,3239876980112706,Opung Siregar,081183255930,widyaprasasta@example.com,2004-01-25
C00448,3288200336456391,"Dr. Aisyah Halimah, M.Ak",083456451132,iswahyudimalika@example.org,1972-07-05
C00449,3210538929758448,Raditya Santoso,089548446308,titin17@example.com,1970-10-25
C00450,3239815689184927,Taufik Zulaika,082918212597,winarsihrafi@example.net,1986-05-18
C00451,3261704206600348,"Mitra Tampubolon, S.Sos",084051019507,vinsen57@example.net,1972-04-03
C00452,3222452484340740,Gada Wijayanti,085826556466,ksirait@example.com,2005-08-14
C00453,3296961029970411,Jaya Mahendra,084454633236,dirawan@example.com,1979-08-04
C00454,3255407411537668,Nilam Putra,086347357173,lailahidayanto@example.org,1988-10-21
C00455,3262984144805700,"Mila Waskita, M.Farm",082135241094,teguhdongoran@example.net,1977-01-13
C00456,3243786953857802,"R.A. Nova Nashiruddin, S.E.",082355036498,inurdiyanti@example.com,1995-12-10
C00457,3205994473848406,Mumpuni Marbun,087858530386,mangunsongkenari@example.net,2004-06-24
C00458,3257847236374886,"Kartika Sihotang, M.Pd",082510022162,damu11@example.net,1989-08-04
C00459,3281617724538517,"Ir. Zaenab Yulianti, S.IP",086716620996,emegantara@example.org,1967-07-08
C00460,3229663837107888,Lidya Melani,084228734578,asmadihidayat@example.com,1967-06-14
C00461,3227775869489031,Daru Pratama,083068674105,habibigenta@example.com,1987-10-17
C00462,3211795728468439,Nasab Haryanti,089862661461,qsitorus@example.net,1989-05-02
C00463,3220617128307708,Zulaikha Budiyanto,083213004746,omustofa@example.org,1978-04-20
C00464,3253230432321334,Dr. Ani Saptono,081112196167,prayogarudi@example.net,1973-12-12
C00465,3269798162616667,"Yessi Pradipta, S.Gz",081263517051,asitumorang@example.com,1976-11-15
C00466,3225059563533167,Dr. Pranata Haryanti,085251167498,bancarwibisono@example.net,1980-09-13
C00467,3226586640328509,Kenzie Kurniawan,083725579311,atmajapuspita@example.org,1970-03-25
C00468,3216350347571433,Catur Salahudin,084519503678,nwulandari@example.org,1973-04-06
C00469,3254550470021093,Capa Waskita,083942932124,gamani54@example.org,2005-02-04
C00470,3270054596315451,"Drs. Jessica Nababan, S.IP",084023601638,wasismaulana@example.net,1987-04-26
C00471,3296034178921673,"Rahayu Januar, S.H.",088714373960,tirtayasahidayat@example.org,1997-02-25
C00472,3275940414507383,Purwanto Sihombing,087765489389,emongrajata@example.com,1993-09-01
C00473,3215016302677126,"Ayu Lazuardi, M.Farm",089891577663,cawisonosimanjuntak@example.net,1977-02-01
C00474,3266018130449335,"Hj. Azalea Sirait, S.Farm",087252015722,elma69@example.com,1978-12-02
C00475,3214038421001439,Ayu Waluyo,089986484843,setya06@example.com,1988-06-09
C00476,3203520313498388,"Dono Hakim, M.Pd",081843552921,kokomardhiyah@example.com,1999-02-24
C00477,3295107787933528,Ina Ramadan,085835629326,garanmaryati@example.org,1979-03-21
C00478,3201873057214281,Betania Nashiruddin,082230802145,widiastutikambali@example.net,1968-01-01
C00479,3209480720717549,Caraka Laksmiwati,083245971266,kusumoaswani@example.net,2007-11-24
C00480,3208187307524049,Paiman Damanik,088162504879,winarsihyosef@example.com,2006-05-05
C00481,3276947942814215,Sutan Digdaya Astuti,089828876402,karensamosir@example.net,2001-07-07
C00482,3260242691017983,Rangga Siregar,089010065084,rsiregar@example.net,2004-04-24
C00483,3287632598166465,Puput Hartati,083049308026,novasaputra@example.org,1988-04-19
C00484,3208446712912849,Karsa Saefullah,084800308950,manullangmalika@example.com,1979-07-06
C00485,3233378426552623,Kamila Pudjiastuti,081395404997,kjailani@example.org,1987-09-16
C00486,3233991160213160,Diana Novitasari,083404890598,pranata42@example.org,1968-03-01
C00487,3207527920490165,Yessi Saefullah,082372863614,danangnasyidah@example.com,1988-01-31
C00488,3228109388182160,dr. Lili Lailasari,083635463851,lazuardiprayoga@example.net,2000-12-13
C00489,3267500610294979,Siska Oktaviani,085735515425,mustofa45@example.com,1981-02-23
C00490,3255583457546741,Lasmanto Agustina,083564135048,samosiryunita@example.net,1968-12-17
C00491,3215492594587219,"Rahmi Aryani, S.Sos",082272078681,kardisudiati@example.net,1976-11-06
C00492,3291135796682833,Prabawa Mangunsong,085366596064,cemeti73@example.com,1974-03-14
C00493,3254246686795048,"Ilsa Permata, S.Kom",089199488458,lwinarno@example.org,1973-10-02
C00494,3260171343401921,"Laila Mansur, S.Ked",084752936377,laksitasidiq@example.org,1968-09-22
C00495,3297888748223723,"Kiandra Putra, M.M.",086708930823,ihsan57@example.net,1971-10-24
C00496,3266286512938177,Siti Zulkarnain,083865537349,intan36@example.com,1976-10-14
C00497,3287145916406226,"Darsirah Nashiruddin, S.I.Kom",088828187519,rahmawatiatma@example.net,1973-10-30
C00498,3286019943020868,"dr. Kasim Riyanti, S.I.Kom",084802041078,claramansur@example.org,1971-11-15
C00499,3220515704001380,Pia Prakasa,083680858230,ymegantara@example.net,1992-01-07
C00500,3275176155527488,"Cahya Narpati, S.Psi",089316414139,nasabwinarno@example.org,1996-06-12
C00501,3284783729835666,Oskar Setiawan,085880561401,marsudigunawan@example.com,1980-11-06
C00502,3261854931905576,"Intan Wijaya, S.H.",086844548235,uyainahjayeng@example.com,1991-07-08
C00503,3245393869274735,"Tgk. Najib Wijaya, S.I.Kom",085623224601,qmayasari@example.com,1972-11-30
C00504,3223213356009804,Ganep Wulandari,089340707693,hidayantojinawi@example.com,1985-06-22
C00505,3297833501565813,"Drs. Timbul Latupono, S.E.",082535486818,ichaagustina@example.org,1985-10-22
C00506,3206461688225690,Dalima Rahimah,084950682926,pratamatitin@example.com,2000-06-19
C00507,3256860987701035,"Farhunnisa Mansur, S.IP",088185585121,januarhartaka@example.org,1999-11-27
C00508,3206688462360390,Wirda Maryati,089424947375,twaluyo@example.net,1987-10-05
C00509,3295065062260677,Dewi Prayoga,086452555023,ybudiman@example.net,1990-12-09
C00510,3287693182943108,"Puji Suryatmi, S.Ked",082217853961,nmelani@example.net,1973-03-15
C00511,3210392896578513,"R.M. Bambang Ardianto, S.Pd",088447158390,bsihotang@example.net,1967-03-06
C00512,3258932585215410,"Soleh Setiawan, M.Kom.",086917343154,ekotarihoran@example.net,1976-03-22
C00513,3286048034724132,"Lanang Maryati, S.H.",083644427557,ophelianugroho@example.com,1968-08-07
C00514,3294918010928236,Luwes Wijayanti,085137873359,zamiramangunsong@example.net,1983-10-21
C00515,3257871464981424,R.A. Halima Nasyidah,085080376609,gada85@example.org,2001-06-02
C00516,3216417357938925,"Ir. Dartono Sihotang, M.Kom.",085050647486,vzulkarnain@example.net,1981-07-06
C00517,3225769032010108,"Icha Jailani, M.TI.",082482817692,sihombinglutfan@example.org,2002-12-14
C00518,3207308782044475,Balamantri Prasetyo,081545638614,sihombingreksa@example.net,1970-09-24
C00519,3281561784156920,Yuni Sinaga,089593436248,niyagapuspasari@example.com,1987-01-26
C00520,3286850241538297,Caraka Maryati,087250615438,ratnaiswahyudi@example.net,2002-05-27
C00521,3217319337095515,"Uli Irawan, M.Ak",082934477447,rhandayani@example.com,1998-01-28
C00522,3259673859114742,"Indra Suryatmi, S.H.",084284636651,siti03@example.net,1985-10-05
C00523,3233555549967762,Luis Gunarto,087573319656,sihombingagus@example.org,1973-09-25
C00524,3251207327905152,Kenes Wacana,081169706310,jamaliawijayanti@example.net,2001-02-06
C00525,3226426101145123,Reksa Hariyah,085106158121,surya37@example.org,1972-08-03
C00526,3293058562735558,Nadine Saefullah,086443724064,bahuraksa56@example.net,2007-07-10
C00527,3299099112613782,"Dt. Caturangga Permata, S.E.",088553226212,latuponomarsito@example.com,2005-09-08
C00528,3254623459494485,Dalima Puspasari,082340603101,ufirmansyah@example.com,1998-10-19
C00529,3283736654212686,"Cakrabirawa Pratama, M.Kom.",086007698058,padmi70@example.org,1976-07-28
C00530,3228447861199291,Aisyah Prasasta,087728409696,nrima53@example.net,1992-04-12
C00531,3267139335882292,Fitriani Dabukke,089520227245,suwarnoedward@example.net,2008-03-21
C00532,3276206649498785,"Cut Hamima Mardhiyah, M.Pd",084942398087,vivi32@example.com,2008-08-15
C00533,3222266207402265,"Aisyah Namaga, S.Psi",089997268200,latuponodarmaji@example.net,1985-04-23
C00534,3202870670372026,"Drs. Hesti Kurniawan, M.Kom.",088536386889,lestariaisyah@example.net,1985-09-26
C00535,3231040825431135,Lanang Lestari,081740208338,faizah14@example.org,2003-11-28
C00536,3254127484787101,"Ir. Prakosa Siregar, S.E.",085147172056,knapitupulu@example.org,1976-07-29
C00537,3232681215243635,"Gandewa Anggraini, S.E.",089059921114,saputrapardi@example.com,1982-04-02
C00538,3292276444064059,KH. Martaka Farida,084270491168,budiyantodarimin@example.net,1972-08-19
C00539,3236618248171076,Dr. Himawan Pranowo,089981245243,vyuniar@example.com,2003-09-16
C00540,3231996883298495,Kambali Dongoran,082060429184,warjimangunsong@example.com,2004-02-24
C00541,3280240066960708,Restu Ramadan,083384614185,simbolonmaya@example.com,1972-08-25
C00542,3287767114425160,Irma Januar,081970560469,hidayantobakidin@example.com,2006-06-22
C00543,3235377394274793,"Tgk. Tami Lazuardi, M.Farm",083948815318,gara34@example.com,1965-12-08
C00544,3248762259931137,"Dr. Harsanto Tampubolon, S.Kom",088512416263,yahya53@example.net,2002-12-20
C00545,3260373782649367,Michelle Zulaika,082907515986,nnajmudin@example.org,1969-02-27
C00546,3251495018766417,"Ganda Prastuti, S.H.",082647445553,prayogausman@example.org,1990-07-16
C00547,3297460379400829,Gada Saptono,089851804697,sihombingkarman@example.net,1994-04-14
C00548,3245896146337285,Malika Hutagalung,086984140085,othamrin@example.net,1965-10-30
C00549,3230112385540755,Artawan Manullang,088169973231,wsihombing@example.net,2003-05-12
C00550,3285501762712946,Ajeng Prastuti,087272112568,kmarpaung@example.com,1984-07-10
C00551,3281478948655495,"Tirtayasa Nashiruddin, S.Ked",083320861631,pudjiastutirestu@example.org,1994-10-18
C00552,3237071125635879,Laksana Manullang,085993361523,rsuwarno@example.net,1974-03-21
C00553,3252743904256778,Adinata Fujiati,087852829041,galarnasyidah@example.com,1973-11-25
C00554,3209294483433718,Ratih Nuraini,086969446696,budimangadang@example.org,1985-11-07
C00555,3288811985443863,Ivan Pradipta,087443914665,damar86@example.net,2005-11-17
C00556,3240962712105321,"Ir. Kasusra Laksmiwati, M.Kom.",088537951212,pradanakunthara@example.net,1968-03-27
C00557,3251764175820932,Wirda Waluyo,089003731159,sakti44@example.net,2008-06-19
C00558,3261835111492229,Cakrajiya Thamrin,088696961752,jayengkusumo@example.org,1984-07-28
C00559,3238526855246836,Cinthia Sitorus,086881866312,rahmisuartini@example.net,1974-10-01
C00560,3211578017051827,Nilam Susanti,087698564401,suwarnoteddy@example.com,1989-01-22
C00561,3239310794596047,"R.M. Gangsa Santoso, S.I.Kom",089386874298,nugrahamaryati@example.com,1985-10-26
C00562,3204296307850408,"Kunthara Oktaviani, M.Kom.",086655961055,caturangga54@example.net,1986-01-24
C00563,3280251709140422,Yulia Nurdiyanti,089971395621,hartakalazuardi@example.org,1996-07-06
C00564,3202880912792658,Mulyono Anggriawan,082639709794,olga39@example.org,2006-07-08
C00565,3249661978333440,Silvia Yulianti,086902319681,lhutagalung@example.com,1998-01-19
C00566,3271560269467969,"R.M. Purwanto Ardianto, M.Ak",086055181018,utamacornelia@example.com,1973-09-17
C00567,3248978375522592,"Mursita Ardianto, S.H.",082175408190,sarah13@example.net,1979-04-25
C00568,3230537100607873,"Ismail Wastuti, S.Pd",084641468229,lanjar07@example.org,1971-03-05
C00569,3237352747512830,R.M. Panji Palastri,086051699070,dirjafirmansyah@example.org,1996-02-13
C00570,3297271244869252,KH. Balidin Permadi,085174634611,gildathamrin@example.org,2003-06-16
C00571,3271760292069970,Banawa Hasanah,088821454673,martakahalim@example.org,1992-09-14
C00572,3282727028764711,Yance Andriani,086821803410,rajatadanu@example.net,1973-11-15
C00573,3236899503324654,"Drs. Kajen Utama, S.Ked",089588857441,jail98@example.net,1968-02-24
C00574,3286263153195190,drg. Edi Yolanda,086554718566,irianafirmansyah@example.com,1983-10-21
C00575,3287944771030908,Rafi Ramadan,085519814560,huwais@example.org,1970-06-12
C00576,3203300060447485,Maras Latupono,089590348797,humaira49@example.com,1986-03-08
C00577,3275494785357410,Unjani Nasyidah,082628771090,intanaryani@example.org,1989-10-26
C00578,3206966035181306,Ir. Mala Megantara,085593483028,chelsealatupono@example.com,1986-05-26
C00579,3274278253357239,Ade Yuliarti,082357185540,tami37@example.com,1993-12-19
C00580,3280138359409286,Yance Prayoga,085298257499,ganda17@example.org,1993-11-24
C00581,3246055494623758,dr. Anita Setiawan,084117330187,usman04@example.org,1982-06-30
C00582,3237997102494815,"Julia Suryono, S.Pt",084528250585,cakrabirawawasita@example.com,1998-10-12
C00583,3233022749093345,T. Indra Wibisono,083424048394,cakrajiya36@example.org,1966-09-13
C00584,3224698963031102,Caraka Suartini,088112161579,rahmawatiirnanto@example.com,1993-01-31
C00585,3272801237655492,Ganep Uwais,084347141725,esimbolon@example.org,2001-03-02
C00586,3223595924134481,"Sutan Dacin Pangestu, S.Sos",087640362916,situmoranggenta@example.com,1984-06-05
C00587,3288149026210932,"Lidya Mulyani, S.Sos",086510992107,permadicinta@example.org,1996-05-17
C00588,3267875507999833,Genta Gunarto,086653218103,caturpradipta@example.net,1995-10-08
C00589,3208715096566990,R.A. Tiara Utami,081957542705,rafi91@example.net,1971-07-26
C00590,3269479292919939,"Gaman Rahayu, S.Pt",082775596468,bakiman45@example.net,1985-07-16
C00591,3216898355023537,Lamar Rahimah,088064746957,aswanipradipta@example.net,1995-07-25
C00592,3245705379373434,Estiawan Pangestu,089698054528,cengkalnarpati@example.com,1984-03-30
C00593,3207935335858897,"dr. Nabila Wahyuni, S.Gz",081980680761,yunikusmawati@example.com,1989-03-28
C00594,3268260201683804,Embuh Salahudin,087341648721,harjo94@example.org,1973-10-23
C00595,3268021675002758,Umar Siregar,084900458533,jagapatisihotang@example.com,2004-11-10
C00596,3209490467738365,Ajeng Najmudin,084123396455,xhutapea@example.org,1998-02-09
C00597,3230592993814631,Puti Yessi Salahudin,085754627258,atmajahartati@example.org,2002-12-12
C00598,3260782138156174,Ganjaran Handayani,088761473124,ynugroho@example.net,1999-01-21
C00599,3290924587713401,"Puspa Ardianto, M.Ak",087597084865,fujiatiwasis@example.org,1976-02-11
C00600,3229804131889736,Salsabila Hastuti,085434933995,bsaputra@example.com,1996-06-24
C00601,3265802603359366,"Baktiadi Hakim, S.I.Kom",088855352765,salwatarihoran@example.org,1983-03-17
C00602,3286570602689193,Galang Laksmiwati,083708289189,wpurnawati@example.com,1983-01-24
C00603,3290181909552879,"Tgk. Kamal Pangestu, S.Farm",081994376782,kemalyulianti@example.net,1984-04-27
C00604,3231968779010519,"KH. Emong Riyanti, S.Ked",081396954951,mahendraozy@example.com,1986-08-19
C00605,3224431480281852,Kasiran Adriansyah,081583822061,qrahmawati@example.net,1982-09-13
C00606,3280517540498251,"Maimunah Utami, S.IP",089225316913,zahranajmudin@example.org,1985-04-11
C00607,3265854368474619,"Salsabila Oktaviani, S.Pt",089449681583,tina91@example.net,2000-04-23
C00608,3283268144883150,"Dt. Jasmani Pertiwi, M.Farm",085705040766,emilpalastri@example.com,1994-12-11
C00609,3232801054668644,"Imam Suartini, M.Farm",082554404466,windamardhiyah@example.org,1984-10-19
C00610,3262077533910997,Adiarja Damanik,082699213671,michellewijayanti@example.org,1977-11-07
C00611,3290169077679984,"drg. Ian Marpaung, S.Pd",085675357445,latuponoclara@example.net,1994-06-08
C00612,3234817777243167,Reza Nainggolan,088273599973,lembahmaryadi@example.com,1985-06-08
C00613,3239222171242557,Maida Puspasari,086748363703,widiastutikariman@example.com,1991-07-04
C00614,3271098498910880,"Dr. Kalim Rajata, S.I.Kom",085653000325,ina84@example.com,1987-07-28
C00615,3276828671870376,Adikara Sitorus,088214323888,gaimanwibisono@example.com,2006-05-16
C00616,3213755689843962,KH. Cager Laksita,082064192423,maulanadinda@example.net,2008-01-21
C00617,3286510139097943,Niyaga Kuswoyo,089067273978,pranata40@example.com,1973-02-23
C00618,3236106268791397,Titi Kuswoyo,083629904713,zalindra63@example.net,1995-12-08
C00619,3280604838680150,Hasim Mandasari,083925594214,puspanatsir@example.org,1966-06-20
C00620,3220177105194369,Qori Hardiansyah,087012025957,musamah@example.com,1981-07-12
C00621,3227578714277959,Cahyanto Kusmawati,085478524082,fnarpati@example.org,1991-03-22
C00622,3224683102107069,Mujur Hardiansyah,083393294700,dacin39@example.com,2004-07-20
C00623,3271671891725639,Enteng Wahyuni,089510932730,darijan17@example.net,2004-11-16
C00624,3258211244170753,Bakda Widodo,086302485414,ozy21@example.net,2000-11-08
C00625,3238039275029418,Aurora Irawan,081443632009,riyantioni@example.net,1979-12-03
C00626,3284881322659600,"Dr. Yunita Farida, M.Kom.",085106605604,kenzie11@example.net,1971-09-16
C00627,3224604411162818,drg. Keisha Narpati,083041778892,fwibisono@example.com,1977-09-23
C00628,3283234214235453,"Dr. Anastasia Dabukke, M.Farm",086740424050,inarpati@example.net,2004-01-12
C00629,3267868909189788,"dr. Rahmi Zulaika, S.I.Kom",089282053109,aris61@example.org,1988-04-18
C00630,3267622969066716,Wasis Wasita,086040462246,janebudiyanto@example.com,1977-02-20
C00631,3218980481667277,Salsabila Marpaung,086136765851,hutapeamartaka@example.net,1979-08-25
C00632,3252127095342014,Adhiarja Prakasa,083413527906,umarhariyah@example.org,1967-06-29
C00633,3242217394029519,Maya Nuraini,086988627873,sakura09@example.com,1977-09-30
C00634,3273573776644913,Sutan Kemba Suryatmi,083039463528,elmanapitupulu@example.org,1977-12-26
C00635,3232909175536722,Sutan Raharja Kusmawati,089343346173,anggrainiwarji@example.org,2008-08-11
C00636,3209488847566821,"Emong Tamba, S.Gz",088124792258,pandusudiati@example.net,1967-08-10
C00637,3269616497869518,"Ir. Bakijan Permata, S.Psi",087281271816,adinatahutagalung@example.org,1978-01-27
C00638,3240295944074610,Elma Marbun,085225799080,fnasyidah@example.net,1988-01-20
C00639,3292473059643193,Kunthara Waluyo,082806742945,luthfiutami@example.org,1973-01-21
C00640,3244434717294455,"Drs. Laila Saptono, S.I.Kom",086131409013,pratamajaga@example.org,1979-03-29
C00641,3229273940964748,"Hj. Zulfa Kusumo, S.Pt",084075963213,kenes27@example.net,1997-09-09
C00642,3225068659321325,Salsabila Suryono,081316767298,prayogo09@example.net,1990-02-16
C00643,3230955009498823,Jarwa Winarno,081222098122,rahmizulkarnain@example.org,1982-04-21
C00644,3268354840396586,"R. Putri Laksita, S.Kom",084856057404,candragunawan@example.net,2001-10-19
C00645,3291561548681005,Eko Utami,081572939815,kanda09@example.com,2001-03-02
C00646,3296280196501705,Vanesa Hariyah,086930545439,bhasanah@example.org,2006-01-28
C00647,3273829332971914,Icha Mustofa,085257039517,whasanah@example.com,1991-04-27
C00648,3244851771550803,Maida Agustina,082722964581,zdamanik@example.org,1985-03-27
C00649,3215973881650552,"R.M. Nasab Mansur, S.Psi",088030277120,manggriawan@example.org,1970-07-27
C00650,3242752709857648,"Padma Zulaika, S.Gz",089539972749,najmudinhafshah@example.net,1965-09-24
C00651,3287060669507073,Darmaji Lestari,085351218999,raisa59@example.net,1998-08-20
C00652,3210650181778470,R.M. Heru Pranowo,084139044680,jatipertiwi@example.net,2003-08-12
C00653,3279582781219799,Cut Najwa Suwarno,088763487565,balangga39@example.org,1997-08-24
C00654,3293631780019603,Tantri Firmansyah,089018867684,abyasauwais@example.net,1988-10-28
C00655,3258049106730556,Cut Diah Puspita,085602634888,mulyantolaksita@example.org,1975-12-20
C00656,3282133445599842,"Azalea Agustina, M.Ak",089947893313,unapitupulu@example.com,1996-06-12
C00657,3223220084806335,Rusman Palastri,085554572913,wahyunirangga@example.com,1975-05-25
C00658,3247477705219849,Karen Damanik,081882992986,agustinaoliva@example.com,1978-04-23
C00659,3260162714393889,"Victoria Nashiruddin, M.Ak",084495098340,simanjuntakmarsito@example.net,1986-11-26
C00660,3207092587658592,"Endah Wastuti, S.T.",086020412809,fathonah58@example.net,1994-09-10
C00661,3219133066038689,Kamal Nuraini,082633533702,kanda51@example.net,1974-08-17
C00662,3205277838735017,Puti Ghaliyati Rajata,083804935020,balidin92@example.net,2002-06-12
C00663,3242067551313485,Cemani Ramadan,086569324011,yzulkarnain@example.net,2003-05-21
C00664,3227508138576987,Jessica Prasasta,085245625419,violet03@example.org,2000-10-27
C00665,3236322331253131,Ophelia Suwarno,087242531042,setiawandalimin@example.com,1995-02-15
C00666,3286691911946503,Viktor Wibowo,084744647372,vsiregar@example.com,2000-07-22
C00667,3295795824266578,R.A. Kania Saragih,084943437519,putiprakasa@example.org,1985-01-20
C00668,3255349264643849,Titin Damanik,087709991528,putrapaulin@example.net,1994-06-08
C00669,3239943089282673,Zelaya Rajata,082486703085,luislailasari@example.com,1989-10-05
C00670,3288178522117752,"dr. Luwes Wahyudin, S.Pt",089741861986,rangga13@example.org,1983-09-27
C00671,3288884127994011,"Mumpuni Handayani, S.T.",085154099855,talia06@example.net,1973-10-27
C00672,3233913564526511,Tgk. Pardi Hartati,086360663407,snovitasari@example.org,1995-01-14
C00673,3274138170196804,Unjani Siregar,086708736149,mitra23@example.com,1998-01-14
C00674,3207322178703440,Ir. Cornelia Situmorang,081196019789,kamal73@example.com,2001-05-26
C00675,3241395537694574,Tgk. Eman Prayoga,087602466321,restu72@example.org,1985-03-05
C00676,3209843668647550,Mustofa Utama,084197087495,zbudiyanto@example.org,1992-07-17
C00677,3206761244575815,"dr. Hani Hutasoit, S.E.",082601101496,cawuk35@example.net,1989-12-21
C00678,3259130133343007,R.M. Harja Uwais,082661646400,laksmiwatidarijan@example.net,2004-12-10
C00679,3219643310846577,R. Puput Megantara,089986805654,cwulandari@example.com,1998-11-24
C00680,3278433640450950,Devi Winarno,085291762923,ahasanah@example.org,1993-12-10
C00681,3259110119428101,Anggabaya Simanjuntak,089248862178,hutasoitdanu@example.com,1985-03-23
C00682,3216896516606577,Siska Hutagalung,085314255766,zwibisono@example.com,1991-09-06
C00683,3291455941895257,Icha Kusumo,084034855238,ssitorus@example.net,2000-02-22
C00684,3299716789351311,Eva Utama,083737833773,bwijayanti@example.net,1997-06-27
C00685,3246423025561810,Kawaya Nashiruddin,088984356252,indah09@example.org,1996-01-04
C00686,3230745309957301,Harsanto Waluyo,089881322146,ymayasari@example.com,1995-02-12
C00687,3225470279951423,Yuliana Ramadan,088542939572,mamantampubolon@example.net,1996-08-13
C00688,3266704445220577,Ilsa Irawan,081305909012,budiyantoprabu@example.com,1994-09-14
C00689,3293970561204456,Pia Hassanah,084123609260,mitra75@example.org,1994-05-27
C00690,3228276763238443,Malik Handayani,083818209584,sidiq15@example.net,1972-05-05
C00691,3219700286552998,Maimunah Januar,085688798800,diana77@example.org,1997-12-05
C00692,3242357236184743,Cawisadi Wahyudin,082251122834,michelle72@example.org,1986-08-05
C00693,3204026062132470,Labuh Yulianti,084472091140,ismailadriansyah@example.org,1994-07-10
C00694,3213826309272181,Dt. Cecep Winarsih,083500335971,drajat30@example.net,1997-03-10
C00695,3256164180668365,Yance Gunawan,086740756508,akarsana98@example.com,1999-07-09
C00696,3224800681741207,Jinawi Mandala,086854381876,handayanijamalia@example.net,1978-06-25
C00697,3287991022619507,"Dr. Argono Santoso, S.IP",083026747114,jamaliaprastuti@example.com,2008-06-02
C00698,3298413452005418,Gina Firgantoro,082832689774,juwais@example.com,1970-06-04
C00699,3227439634759930,Naradi Pudjiastuti,084477437931,pratamaendra@example.com,1974-11-14
C00700,3205216031241050,"Drs. Zizi Mardhiyah, S.Ked",089543300556,gpermata@example.com,2003-10-28
C00701,3293733071338874,"Nova Irawan, S.Psi",082473248972,tprabowo@example.org,2006-12-03
C00702,3279122775538816,Sakti Waskita,085822252995,agunarto@example.com,1980-05-20
C00703,3225579455646119,"dr. Maryadi Tarihoran, S.Sos",084754061904,ehandayani@example.net,1974-09-16
C00704,3275139260407254,Diana Fujiati,085259103358,whariyah@example.net,2003-09-27
C00705,3222319375895495,T. Praba Firgantoro,086182766621,budiyantovino@example.com,1971-12-18
C00706,3257572671004577,"Eva Usada, M.Kom.",084475745792,prasastakamidin@example.com,1966-07-12
C00707,3225544940099852,"Fathonah Waluyo, S.E.",088329756866,chandra55@example.net,2006-07-20
C00708,3268924902371655,Rahmi Siregar,085788201136,prastutiheryanto@example.com,1974-04-18
C00709,3266796360554912,"Gasti Maryadi, S.H.",083107960247,gandibudiyanto@example.com,1982-01-17
C00710,3212431115584177,Drs. Shania Laksmiwati,089864222897,yuniarembuh@example.org,1991-09-22
C00711,3266122389610406,"Zamira Prabowo, S.Pd",085495005482,elisamandasari@example.org,1979-02-27
C00712,3246020334237070,Karen Gunawan,088411550957,ranggaoktaviani@example.net,2000-11-13
C00713,3275337999621822,Chelsea Kuswandari,089628229790,puspitawarsa@example.org,2002-03-12
C00714,3282142312894893,Teddy Utami,083256301357,gwaskita@example.org,1994-09-15
C00715,3210866832056387,"Sadina Iswahyudi, S.H.",088521763746,gawatikusumo@example.org,1966-07-04
C00716,3243892567671272,Luis Tampubolon,082446720278,ibunyulianti@example.com,1996-06-01
C00717,3265966049813070,Indah Natsir,082355042918,damanikcemplunk@example.com,1989-02-28
C00718,3286284233346601,"R.A. Azalea Damanik, S.Farm",083364157907,putripratiwi@example.net,1986-11-28
C00719,3239035457181868,Cut Hana Kuswoyo,088296411634,banawi35@example.net,1973-12-09
C00720,3268325206475609,Zelaya Waskita,089213455994,yogaardianto@example.org,2000-07-18
C00721,3257333402745001,"KH. Balidin Thamrin, M.Kom.",085033182037,sudiatihalim@example.net,1996-12-04
C00722,3283758898235884,Aditya Yolanda,082562426084,astutiperkasa@example.com,2004-09-08
C00723,3287280744849817,Safina Nuraini,086207445723,drajat94@example.com,1965-09-17
C00724,3241792916232029,"Drs. Vicky Winarsih, M.TI.",082509666410,rmarbun@example.com,1986-10-18
C00725,3254934399618676,Jamalia Puspita,082050186104,siregaroman@example.org,1999-11-25
C00726,3228963610564076,Umi Wahyudin,087659153965,hendrayulianti@example.org,1989-04-02
C00727,3258500805434158,"Mitra Suryatmi, S.Gz",081524308595,prakasaintan@example.net,1968-01-07
C00728,3240542276326466,Karen Santoso,083841226242,rwijayanti@example.com,1982-03-01
C00729,3250943864739849,Kamal Mangunsong,082904018970,anggriawanchandra@example.net,2003-07-17
C00730,3231634866814216,"R.A. Restu Laksmiwati, S.H.",081751107473,oman07@example.com,1990-11-04
C00731,3226471779304004,"Fathonah Widodo, S.H.",085238482386,ika76@example.org,2001-06-23
C00732,3203770831547168,Prayogo Samosir,082656306220,marpaungbakiono@example.org,1983-09-11
C00733,3280966673856689,Cut Suci Mandala,084956270448,kuswandaricawisono@example.org,1994-03-26
C00734,3202436681558391,Ikin Lazuardi,085844265219,darmanto67@example.net,1971-10-29
C00735,3279908460771475,"Kamila Yulianti, S.H.",085802475447,ramadanwage@example.com,2001-02-20
C00736,3234266806061373,Diana Budiyanto,089014231633,saragihgalang@example.org,1994-05-24
C00737,3265443754150394,Mursinin Hastuti,083803209635,laksmiwatigamani@example.net,1999-03-07
C00738,3296197364230103,Kuncara Thamrin,083951634451,malikapadmasari@example.com,1980-11-08
C00739,3213114684429176,"Lintang Mustofa, M.Pd",086113929231,cakrawalahasanah@example.com,1973-05-03
C00740,3200688765351859,"Dr. Eva Hardiansyah, S.IP",084895243749,inaharyanti@example.org,1999-04-20
C00741,3245182952271454,Puti Talia Wahyudin,084722572508,pudjiastutiyono@example.com,1976-11-02
C00742,3217073196811241,R.M. Radika Maheswara,081573550567,ffujiati@example.org,1966-08-05
C00743,3275040770680442,"Drs. Asirwada Sinaga, M.Farm",086900584887,ipangestu@example.org,1970-01-26
C00744,3209342332039839,"Drs. Harjo Mandasari, S.T.",086641689295,bakijan77@example.net,1973-12-06
C00745,3253385414508425,Hana Winarno,089726647479,saefullahdanang@example.net,1973-07-19
C00746,3273190316906281,Salwa Hassanah,085486315424,olaksita@example.org,1966-09-03
C00747,3252123826729414,Aditya Thamrin,089755284838,syulianti@example.org,1991-09-11
C00748,3222581314485444,Yance Prakasa,087958518921,faridabahuraksa@example.org,1993-08-26
C00749,3288307076530931,"Dr. Artawan Setiawan, M.Ak",089531005222,cengkirlaksita@example.com,1975-02-12
C00750,3218100020383546,Gading Kurniawan,083587067416,bfirmansyah@example.net,1988-04-26
C00751,3231121428673170,Dt. Rafid Sitorus,088644951702,wadi73@example.com,1979-05-26
C00752,3246983545627982,Tgk. Nadia Halim,083589041303,kokoprasetya@example.org,1990-04-15
C00753,3282808424093078,Bakda Simanjuntak,087649100083,usaefullah@example.net,1974-02-09
C00754,3241031980838165,Usman Prastuti,083861650021,rizki89@example.com,1977-02-16
C00755,3274294849860685,"Gamani Hassanah, M.Ak",083387716412,wartarahimah@example.com,1991-07-01
C00756,3236080783648138,"Cindy Purnawati, S.Kom",081914905757,yhassanah@example.net,2008-06-25
C00757,3279930960197054,Dadap Prastuti,086601004776,mulyaninova@example.org,1988-07-30
C00758,3268190899274010,Ira Yuniar,085946509388,apertiwi@example.com,1994-09-09
C00759,3209383717057461,Ir. Kasiyah Nuraini,084700263452,raisafirgantoro@example.com,1978-03-22
C00760,3278183721474005,Farah Pratiwi,089086736962,ayu00@example.net,1999-09-06
C00761,3207101097598501,"Dr. Gilda Yolanda, M.Farm",087101380118,patricia47@example.com,1966-02-21
C00762,3269721992429178,"Gandi Putra, S.Pd",084399789140,jindrapalastri@example.com,1986-04-14
C00763,3259146052491820,Prayogo Palastri,086396126907,grahimah@example.com,1969-12-20
C00764,3231635957833550,Wirda Mandala,087574524805,hartakaputra@example.net,1976-06-13
C00765,3231275709932338,Elma Farida,085710766837,najib96@example.org,1970-09-26
C00766,3298126697484865,R.M. Gaiman Hassanah,087117876393,chandra03@example.org,1976-07-11
C00767,3244685326830463,"R.M. Oskar Latupono, M.Ak",088859655500,rahman99@example.com,1967-11-22
C00768,3244875409816778,Oskar Wibowo,085674731418,waskitaumi@example.net,1969-07-11
C00769,3233611260608912,Faizah Hasanah,083322838600,blestari@example.net,2001-07-08
C00770,3291169627413072,"Hj. Kasiyah Wijaya, S.H.",082547291015,udaaryani@example.com,1991-01-18
C00771,3225704930425354,"Tina Haryanto, S.I.Kom",082841292985,permatarahayu@example.com,1972-08-22
C00772,3248601178274390,"Juli Yulianti, M.Kom.",086426327471,sinagamichelle@example.net,1975-01-03
C00773,3206412905397704,Jatmiko Hutasoit,087747303866,gpalastri@example.net,2006-02-13
C00774,3237520647509205,Rama Andriani,085075581156,psiregar@example.com,1986-05-12
C00775,3205900690418781,Amalia Sitompul,085783183225,gprasasta@example.net,1988-06-12
C00776,3252304812375553,"Harja Prayoga, S.Farm",087778729139,halimtalia@example.org,1983-02-01
C00777,3235570780078166,H. Karman Habibi,089619443092,lprasasta@example.net,1993-08-11
C00778,3201814824166578,Fathonah Wastuti,083945831552,adesaptono@example.org,1988-06-27
C00779,3221007990079550,Bala Mandala,089204937431,namagagasti@example.com,1997-06-07
C00780,3280225963345924,Tina Nasyiah,082443543069,amelia42@example.org,2001-03-11
C00781,3281942163572674,"Tgk. Lidya Marbun, S.I.Kom",089599306660,saefullahkawaca@example.com,1996-09-14
C00782,3236957319072099,"Winda Zulaika, S.H.",088867880214,nyomanwaluyo@example.net,1965-10-11
C00783,3202723610478750,"Umay Suryono, S.Pd",085168107685,wasitanajam@example.com,1992-05-21
C00784,3278096984076408,"Gadang Pranowo, M.Ak",089883422553,rwibisono@example.net,1981-01-11
C00785,3284205438215190,Indra Hidayat,084986246691,edward16@example.com,1976-01-26
C00786,3251377701917544,Balamantri Mahendra,089192011606,solehpadmasari@example.com,1974-04-25
C00787,3254925311610529,Lantar Latupono,083841007884,mitramangunsong@example.org,1966-01-17
C00788,3284297452903524,"Sabrina Prakasa, S.Gz",089656411552,nwibisono@example.com,1983-05-27
C00789,3244114318783168,"Rama Saragih, M.TI.",082047196676,saiful18@example.com,1973-02-05
C00790,3281312810164570,Rahmi Winarsih,083198219538,jaka43@example.com,1976-11-12
C00791,3269904970633481,Silvia Widodo,087107066506,maheswaracalista@example.org,1970-04-16
C00792,3226386092214947,Ana Palastri,081934548600,wadisamosir@example.org,1992-01-08
C00793,3224573957888685,Tari Utama,081130834455,prasetyocandrakanta@example.org,1981-05-10
C00794,3268276392476692,"Dian Waluyo, S.E.I",081140212430,yessibudiman@example.com,2007-10-13
C00795,3216592826225456,Bakijan Hardiansyah,084684875990,pmulyani@example.com,1999-04-12
C00796,3241392740187771,Elvina Sitompul,083412815985,handayanikoko@example.com,1986-01-04
C00797,3228812335318281,Bagya Waluyo,086754981720,nasyiahpaulin@example.net,1974-11-13
C00798,3255407170428625,"drg. Vega Saragih, M.Kom.",087319496604,pkusmawati@example.org,1985-04-17
C00799,3252456780239535,Cinthia Marbun,089726750057,psihombing@example.net,1978-11-02
C00800,3227675064153020,Intan Wastuti,083586093940,widiastutidarman@example.org,1980-02-24
C00801,3287565612532063,Vanya Waluyo,088983522330,firgantorocaraka@example.net,1993-09-05
C00802,3255035443915969,Kania Pudjiastuti,081775727173,artantojanuar@example.org,1969-10-21
C00803,3213088277553689,Safina Siregar,084758691464,fmulyani@example.net,1975-05-13
C00804,3263985737733306,"R.M. Galiono Palastri, S.Psi",087098603970,qtampubolon@example.org,2007-09-19
C00805,3240152414447484,Laswi Pudjiastuti,085563097719,tasdiksuartini@example.org,1985-12-17
C00806,3278379318544136,Omar Oktaviani,087252652239,adiarjawinarsih@example.com,1997-08-13
C00807,3268680361154650,Ir. Samiah Rahayu,084671296812,cayadi97@example.org,1988-01-06
C00808,3275248642598755,Oliva Prakasa,088112216334,mala60@example.net,1988-04-23
C00809,3207925742040268,Sabar Uwais,085511678734,setiawanilsa@example.org,1998-11-04
C00810,3212689313378328,"R. Cayadi Mangunsong, S.Pd",088069341933,hariyahbahuwirya@example.com,1966-05-25
C00811,3248320618949951,Cici Ramadan,085545518040,parman53@example.com,1989-10-01
C00812,3241807767815159,Zulfa Habibi,089421022750,wasismarpaung@example.com,1991-03-27
C00813,3231099612135892,"Muhammad Mulyani, S.Gz",082486431866,pratamalembah@example.org,1979-07-17
C00814,3271943682838286,Tgk. Ozy Maryati,085138868253,vera33@example.net,1992-02-03
C00815,3298485096683925,Okto Saptono,085508693718,wibowoprabowo@example.com,2002-12-11
C00816,3260920733501375,Zulaikha Zulkarnain,086679315152,nadia74@example.net,1986-05-26
C00817,3204957354126878,Olivia Hassanah,081252379762,opung87@example.org,1980-07-18
C00818,3221863701741800,"dr. Nurul Handayani, S.H.",084562973780,juli30@example.org,2005-07-29
C00819,3207102001985912,Eli Pertiwi,085285600912,wpermata@example.net,1967-12-23
C00820,3249956229920725,Putri Simanjuntak,082850939824,megantaraunjani@example.com,1978-03-08
C00821,3227560656933477,"Aswani Sitompul, S.H.",081664240097,permadiumar@example.org,1966-10-04
C00822,3266378613150119,Kayun Nuraini,087005984525,vero76@example.com,1991-10-26
C00823,3289137192893811,"drg. Oni Dongoran, S.Kom",084608140078,ramadanganep@example.com,1988-05-27
C00824,3297323137825045,"Dr. Rusman Hutasoit, S.Pt",082005041367,saptonojabal@example.com,1981-06-26
C00825,3270395108872808,R. Ika Suryatmi,089323220676,dwahyudin@example.net,1979-01-30
C00826,3210102128218522,"Sutan Ibrahim Saragih, S.Ked",088914800267,uyainahjoko@example.org,2001-09-20
C00827,3217212605504396,"Chandra Narpati, S.IP",086996699638,arsipatratampubolon@example.net,2004-10-22
C00828,3204933164316197,Nasab Maryati,085605990506,unjaninatsir@example.net,1998-04-21
C00829,3259962744840164,Talia Usamah,087166278563,zprayoga@example.net,2006-07-01
C00830,3282315289484444,Dewi Budiman,081556121866,najamsimanjuntak@example.net,1989-04-21
C00831,3257694078581864,"Cut Salsabila Thamrin, S.Pd",085017059804,vsuryatmi@example.org,1999-05-02
C00832,3271124674214757,"Fitria Rajasa, S.Psi",087951628285,qyuliarti@example.org,1976-05-30
C00833,3262844797413422,Martana Pradipta,085353650168,kayla28@example.net,1984-02-08
C00834,3296575858093613,Prayogo Kusmawati,086109097137,narpatimursita@example.com,1990-04-10
C00835,3259794501537746,Humaira Adriansyah,087790793006,ghalimah@example.com,1980-06-27
C00836,3287025553932210,Jindra Manullang,086511346170,edi45@example.org,1990-06-28
C00837,3298795880365620,"Puti Cinthia Susanti, S.H.",088848898883,gandihassanah@example.com,1979-01-04
C00838,3231010272445891,Asmadi Gunawan,087177849250,santosoraisa@example.org,2002-08-28
C00839,3285038790409185,"Mahdi Yuliarti, S.E.I",088440034100,wastutigaduh@example.com,1991-01-24
C00840,3288127512582435,R. Iriana Sirait,086354674550,harjasa68@example.com,1974-12-01
C00841,3277236948323453,"Puti Citra Narpati, S.Pd",083234554685,lailasaridewi@example.net,1996-05-24
C00842,3229293725337916,"Umaya Hidayanto, M.Ak",089104204859,tampubolonaisyah@example.net,1994-10-26
C00843,3216828193259732,"Tgk. Siti Gunarto, S.Farm",082151981512,ganepzulkarnain@example.org,2007-07-08
C00844,3258886914766368,Usyi Samosir,087399809880,utamacakrajiya@example.com,1986-05-06
C00845,3282698738859466,Najam Wacana,089277682473,tamihabibi@example.com,1998-08-06
C00846,3243073629384195,T. Gantar Gunarto,088293435114,bagus83@example.org,2006-10-18
C00847,3254955276171258,Balamantri Nashiruddin,088764533302,iswahyudicakrabuana@example.com,1970-11-24
C00848,3212148857310988,Zelda Budiman,084025558076,pangestunyana@example.net,1987-02-28
C00849,3211022236657032,Dr. Teguh Napitupulu,089080037077,raditfarida@example.com,1992-02-18
C00850,3234684904795499,Kasim Simanjuntak,084787762448,aswani38@example.org,2000-07-25
C00851,3213652584592565,Dodo Anggraini,083200488216,marsudi42@example.com,1976-08-05
C00852,3205355993422941,T. Edi Santoso,081547547194,ksimbolon@example.com,1989-02-11
C00853,3264386368048238,"Alika Suryono, S.H.",084397148239,fathonah98@example.com,1988-12-09
C00854,3246866314972184,Betania Wasita,086440888867,samsul78@example.com,1969-10-17
C00855,3246640807907716,Nadine Permata,088125036282,zhardiansyah@example.net,1998-06-27
C00856,3287268935021791,Cemeti Marbun,089465438352,baktiadi66@example.org,1994-06-23
C00857,3214318596945303,"Cayadi Prastuti, S.H.",088462815038,uchita09@example.net,2004-03-19
C00858,3210460338280369,Sarah Narpati,088486648314,uyainahembuh@example.org,1970-03-17
C00859,3210879990954816,Juli Damanik,089898676730,almira97@example.org,2001-07-20
C00860,3241976961755955,Jaswadi Manullang,089251917921,galihpratama@example.org,2003-09-04
C00861,3214601811597274,Lala Adriansyah,088148649743,yuniarunjani@example.org,2007-04-06
C00862,3201761416306472,Balidin Haryanti,089825814499,zulkarnainulva@example.net,1977-02-16
C00863,3247155817705229,Jessica Nasyidah,083272609386,adinata18@example.net,1971-08-22
C00864,3290497217550404,Aisyah Pertiwi,082375029671,lanjar03@example.com,2002-10-10
C00865,3201438789185053,Sabrina Thamrin,086299578570,malikgunarto@example.com,1995-03-19
C00866,3247666972935958,Lurhur Siregar,088834291449,csitorus@example.net,1981-04-07
C00867,3284746032222987,"Septi Handayani, M.Kom.",084068878916,auyainah@example.net,1978-08-22
C00868,3239131243982312,"T. Artawan Andriani, S.Ked",083952684414,esaefullah@example.org,1979-12-12
C00869,3224492559073928,Legawa Manullang,089692551435,fwibisono@example.com,1973-05-09
C00870,3234991302712566,Galiono Mulyani,087388611851,aisyah14@example.com,2007-07-02
C00871,3200888999976677,Daniswara Wibowo,089287790887,prasetyaanggraini@example.com,1980-02-19
C00872,3289627904119717,Pangeran Nurdiyanti,088814116442,elma67@example.com,1972-10-22
C00873,3246338621579676,Eli Situmorang,081805856807,bakionowaskita@example.com,1974-06-07
C00874,3234932573383743,Karja Yuniar,081769502321,vhidayanto@example.com,2008-04-25
C00875,3206948329006362,"dr. Latika Firgantoro, S.IP",087930248155,legawa57@example.com,1989-05-06
C00876,3252531514147500,"Salsabila Wijayanti, S.I.Kom",084009301176,marashardiansyah@example.net,1992-01-27
C00877,3265930275117258,Alika Simanjuntak,086927487699,caturangga18@example.org,1988-08-22
C00878,3296151571884400,"Ellis Usamah, S.E.I",085724625923,putri66@example.net,1965-12-04
C00879,3258774936792568,Karen Nurdiyanti,088482976797,zpratama@example.net,1978-02-07
C00880,3281905382125053,Karma Hidayat,083104497728,maryatiibun@example.org,1992-01-30
C00881,3238718750096515,"Ir. Siti Gunawan, S.Sos",082102492108,mmelani@example.net,1985-04-28
C00882,3284166466671182,Prabu Nashiruddin,084887645543,purwantikayla@example.com,1990-07-12
C00883,3222708603983985,Gaman Maryati,082078448845,mustofa06@example.net,2005-01-19
C00884,3227680714115641,"R. Elvin Wulandari, M.TI.",087880719340,kenarihardiansyah@example.net,2004-12-05
C00885,3270003196485658,Jamal Wulandari,082495520605,latuponokanda@example.net,1999-11-09
C00886,3216550229001274,Niyaga Pudjiastuti,084386713977,kamila22@example.com,1989-05-28
C00887,3277078659027057,Silvia Ramadan,088420732333,lala22@example.com,2004-03-24
C00888,3237642116677616,Garang Putra,082678495363,tedi90@example.com,2000-08-03
C00889,3258006969726603,Dono Hidayat,082165649560,mahmudsuryono@example.org,1995-07-31
C00890,3219578150727569,Ir. Jono Nugroho,083614552240,ajimat60@example.com,1983-09-13
C00891,3285206889921350,Yance Budiman,084539779750,usadaadiarja@example.org,1976-05-30
C00892,3229696786289950,R.M. Mahesa Hassanah,084510406392,palastrireza@example.net,1977-10-31
C00893,3201652654516146,Gading Suryono,084519851088,prayogo99@example.net,1989-08-16
C00894,3228528785359135,"T. Banawi Utami, S.Farm",082929718358,pradanaluthfi@example.net,1989-03-07
C00895,3262587879019014,Hardana Hutagalung,085419559188,zmahendra@example.com,1982-11-17
C00896,3218141178660537,R. Dian Firgantoro,088783379496,ssiregar@example.net,1994-09-19
C00897,3233997274239293,Tgk. Calista Nababan,086262123484,hasnalailasari@example.com,1979-06-29
C00898,3289318296017607,Tgk. Gangsa Novitasari,089105359656,irnantomaryati@example.com,1989-07-28
C00899,3248321611318896,Laila Pradipta,088270603439,tsaputra@example.com,1985-01-17
C00900,3201145988417274,Balamantri Wijayanti,085381882501,galarnamaga@example.net,2000-06-25
C00901,3258660326187725,"Drs. Nova Hidayat, S.I.Kom",081353816976,ikhsan61@example.org,2005-10-02
C00902,3238678330530711,Tugiman Habibi,089959957522,xhidayanto@example.net,1977-05-10
C00903,3290413201991398,"Marsudi Dongoran, S.IP",085318421523,galang54@example.com,1972-06-06
C00904,3282682253155071,Gasti Pertiwi,081726195267,firmansyahdarmanto@example.net,1994-05-02
C00905,3230796500280832,Rini Prayoga,083122690278,bahuwiryamaryadi@example.com,1971-06-30
C00906,3252261479202372,T. Baktiadi Kusmawati,087137682833,uyainaherik@example.org,1971-05-05
C00907,3219604820581543,"Kariman Santoso, S.Pd",089745695151,wasitaradika@example.org,1984-01-05
C00908,3212726355220787,Vanesa Hastuti,084710567570,anombudiman@example.net,1999-06-08
C00909,3202762422077919,"Hj. Ira Mandasari, S.Ked",084954743643,nasabnatsir@example.net,1970-12-11
C00910,3232384842080476,"Elma Andriani, S.E.",085483332339,upuspasari@example.net,2002-02-02
C00911,3211179851729312,Drajat Dabukke,086834809821,kmangunsong@example.org,1982-09-27
C00912,3210088553409910,Almira Widodo,085721531263,yuniarjaswadi@example.net,1992-09-27
C00913,3202770588757727,Ghaliyati Pranowo,082318375870,ajimin04@example.net,1985-07-10
C00914,3223653850376472,Tiara Padmasari,085495034743,sitorusedison@example.com,1977-06-22
C00915,3235952897770719,Nasim Adriansyah,088337139571,daniswara65@example.net,1985-08-04
C00916,3242161357794889,"R. Chelsea Habibi, M.M.",088878019158,hairyanto36@example.net,1978-12-20
C00917,3200736859772224,Dr. Muhammad Firgantoro,082880615033,rika61@example.com,1971-07-20
C00918,3297668926009946,Puti Nasyiah,081601465972,wibisonoridwan@example.com,1969-01-03
C00919,3249458111873192,Paiman Hariyah,083505625490,wulandarilili@example.org,2000-09-28
C00920,3209904612010100,Emong Hutapea,085879795213,jmelani@example.org,1966-05-16
C00921,3238301949006796,Ir. Dacin Padmasari,086789495837,waskitaami@example.com,1967-06-16
C00922,3200248018172966,"drg. Rendy Lazuardi, S.Ked",084371493191,agustinacornelia@example.org,2007-04-06
C00923,3251973294313687,R. Karen Mulyani,084522358732,darijan54@example.org,1980-01-22
C00924,3299936834493945,"Dt. Adhiarja Siregar, S.T.",085759010407,wardayasuwarno@example.net,1972-08-11
C00925,3237531097609746,"Dr. Maida Kuswandari, M.Ak",086422782844,qusada@example.com,1973-06-15
C00926,3250781274056318,Sari Permadi,084717700967,ghastuti@example.net,1994-07-26
C00927,3246304520906735,Melinda Simanjuntak,085195347309,jokopudjiastuti@example.net,1993-01-18
C00928,3274306440462906,"Limar Tarihoran, S.Kom",083194069294,kuntharalaksmiwati@example.com,1984-10-30
C00929,3214368349184853,Darijan Kusumo,089548804689,lasmantonashiruddin@example.org,2003-10-11
C00930,3265702554029324,Amelia Haryanto,086733771804,yusuf16@example.net,1987-05-20
C00931,3298319859309404,Jaiman Zulkarnain,083156983641,najwa24@example.net,2004-08-24
C00932,3277246969727786,"drg. Asman Agustina, S.T.",081828897071,novakusumo@example.org,2004-04-29
C00933,3279360679960542,Devi Prasetya,086779328846,prabawaprayoga@example.com,1984-01-02
C00934,3268634326738500,Salwa Salahudin,089873447131,ppuspita@example.com,1990-10-19
C00935,3288958165590794,R. Galih Siregar,086394070079,budiyantoimam@example.org,1974-12-30
C00936,3219029524508690,Darmana Marpaung,082712057239,cuyainah@example.com,1965-11-10
C00937,3213608247249426,"drg. Olga Waskita, S.H.",086235323614,betaniauwais@example.com,1999-11-11
C00938,3219481211025208,Fitria Mulyani,086458500149,wasitagaman@example.net,1994-07-20
C00939,3208066761773777,"Latif Puspita, S.IP",082945369591,yahyayuniar@example.com,2002-12-27
C00940,3215206598812496,Mahesa Siregar,086042248965,wnajmudin@example.com,2001-08-21
C00941,3239986200815276,Emil Pradana,089698153499,safina90@example.org,1980-11-05
C00942,3236676945635910,Cut Hasna Maryadi,087835621741,tampubolonmichelle@example.net,2005-01-14
C00943,3297917170583520,Marsudi Wibowo,082307396875,andrianibajragin@example.org,2007-08-03
C00944,3250883687650572,Lala Hidayat,085097539805,kambali02@example.com,2005-09-09
C00945,3202464473200225,Diana Sihombing,089640480870,nugrohojinawi@example.net,1976-04-26
C00946,3288901216045182,"Dr. Balapati Maryadi, M.Pd",086672267774,ahandayani@example.org,2002-01-18
C00947,3200542475346818,"H. Jaya Laksita, S.Kom",085972106208,gambira56@example.org,1983-06-03
C00948,3258756764608039,Drs. Darmana Mansur,081756345031,rhassanah@example.net,1978-11-12
C00949,3294659802154173,dr. Dina Usamah,081136856749,xhasanah@example.org,1983-06-09
C00950,3225888786206104,Banara Usada,083886783829,safitriradika@example.net,2001-03-14
C00951,3277208335778977,Natalia Anggriawan,085508570336,frahimah@example.com,1991-09-15
C00952,3215275079074327,Dian Maheswara,084422225546,firmansyahwardi@example.net,1990-01-31
C00953,3230842171013675,Manah Padmasari,087672960452,oliva06@example.com,2004-08-29
C00954,3290639789863752,Dadi Waluyo,089118765083,balangga21@example.net,1968-01-13
C00955,3287261565184491,"Puti Cornelia Hassanah, S.Farm",085250529235,adikarafirgantoro@example.com,1996-09-22
C00956,3263681625434301,"Ir. Ratna Puspasari, S.Psi",082112975366,sabarputra@example.org,1968-01-27
C00957,3212076971000165,"Siska Usada, M.Kom.",082492824823,lidya84@example.org,1991-06-05
C00958,3296952631474182,Darijan Hakim,088284128401,galih81@example.com,1970-06-24
C00959,3241464925475880,Cahyono Yuliarti,087390344097,rizkitarihoran@example.net,1969-08-12
C00960,3270319685795358,Paulin Prastuti,087402456949,inasyidah@example.com,1979-12-24
C00961,3289982489912290,Siska Adriansyah,084773927674,psuartini@example.net,1965-12-02
C00962,3264877583203906,Kayla Ramadan,085383724397,langgeng28@example.com,2005-08-08
C00963,3265944643346768,Agus Sihombing,086130588867,joko00@example.org,1997-02-28
C00964,3206744583600199,"Drs. Puspa Sihombing, S.Kom",084448073308,mirawan@example.org,1997-11-12
C00965,3284852673500107,Dewi Gunawan,084296060146,pudjiastutiharsaya@example.org,1999-05-04
C00966,3229066447708949,Taufik Budiman,087114420658,jarwasalahudin@example.com,1974-09-15
C00967,3270629289788242,Cut Gilda Ramadan,088861815059,cengkir81@example.com,1968-06-19
C00968,3201806917952148,"Makuta Aryani, S.Psi",087033924103,akarsana31@example.net,2004-08-26
C00969,3236905381937916,"Unggul Prakasa, S.Kom",086724009148,kusmawatiopan@example.org,1991-02-03
C00970,3290132057299956,Zulaikha Gunarto,084168350950,laksitawira@example.com,1994-02-11
C00971,3220862313694100,Heryanto Manullang,088508190367,udajanuar@example.net,1979-11-14
C00972,3223024736722794,Slamet Situmorang,087902533938,caketprastuti@example.org,1972-02-07
C00973,3280428160161563,Juli Januar,089062582474,faridagawati@example.org,2007-03-28
C00974,3233311489217082,"R. Nadine Utami, S.I.Kom",083413117840,tiara45@example.net,1980-08-17
C00975,3226155120305340,Gamani Nuraini,081293699768,paimanhalim@example.net,1993-12-04
C00976,3204266405367837,Daliono Puspita,085727809025,kharyanto@example.net,1984-12-24
C00977,3256433256010852,Ratih Saptono,089005488379,dwi66@example.org,1970-06-20
C00978,3276854314324841,Ellis Iswahyudi,084389061428,lembah27@example.com,1974-02-13
C00979,3259694075808744,Raisa Nababan,085189984014,warjimardhiyah@example.com,1971-03-15
C00980,3222389539467510,Gina Handayani,087050207618,hilda71@example.com,1980-05-21
C00981,3281932486265486,Rizki Halim,087327715464,wsihombing@example.org,1994-08-14
C00982,3246348590535202,"Ir. Ani Saputra, S.Sos",089715708677,yusuftampubolon@example.net,2005-02-17
C00983,3201372763506595,Digdaya Hutagalung,088332507351,uchita49@example.com,2007-09-18
C00984,3269798195325220,"Drs. Taswir Lestari, S.Psi",082408358810,kuswoyoyani@example.com,1991-03-16
C00985,3259952647621941,"Sabrina Siregar, M.Pd",082879100025,hariyahvictoria@example.org,1971-12-26
C00986,3252895329427284,Hani Thamrin,087008984357,musada@example.net,1997-02-14
C00987,3207799839037848,"Drs. Pia Rajata, S.Sos",088412267922,milapermata@example.net,1974-11-08
C00988,3214178595789563,Maya Waskita,084056007871,mustofaeva@example.com,2001-09-22
C00989,3227395839102480,Yuliana Hidayanto,084944724074,dlaksita@example.com,1991-04-15
C00990,3246870081763848,Reksa Iswahyudi,087283562560,syolanda@example.com,1977-01-10
C00991,3242950355585353,Ulya Yulianti,086928932969,uuyainah@example.com,2000-07-07
C00992,3205223502214937,Vicky Saefullah,086593106060,gamblangadriansyah@example.org,1982-12-06
C00993,3285866793309301,"Purwanto Pratama, M.TI.",084968177348,wibisonodacin@example.org,1992-08-11
C00994,3204556883371713,"Ami Rajata, M.Kom.",083646237298,rajasazulfa@example.net,1967-01-14
C00995,3287156688258743,"dr. Unjani Nasyiah, S.T.",089683315938,gprasetyo@example.com,1971-07-30
C00996,3269564371031875,Samiah Firmansyah,083579647620,salmanlazuardi@example.net,1982-04-03
C00997,3212258794466919,"T. Jagaraga Pranowo, S.Psi",085117533411,dharyanti@example.org,2002-12-19
C00998,3283825290849121,Ratih Marbun,086974508146,dodo55@example.org,1993-12-28
C00999,3291253137278993,dr. Luhung Prasetyo,086904666263,wawananggriawan@example.com,1982-03-14
